"Dim1","Dim2","Dim3","Dim4","Dim5","Val"
"battery_2","new1","p1","2016","bin1",4
"battery_2","new1","p1","2018","bin1",2.2
"battery_2","new1","p3","2014","bin1",2.4
"battery_2","new1","p5","2014","bin1",5
"battery_2","new1","p28","2018","bin1",2
"battery_2","new1","p30","2018","bin1",10
"battery_2","new1","p31","2012","bin1",1.8
"battery_2","new1","p31","2018","bin1",1
"battery_2","new1","p33","2018","bin1",4
"battery_2","new3","p28","2020","bin1",10
"battery_2","new5","p1","2022","bin1",1
"battery_2","new5","p6","2022","bin1",1.25
"battery_2","new5","p12","2022","bin1",100
"battery_2","new5","p13","2022","bin1",100
"battery_2","new5","p18","2022","bin1",200
"battery_2","new5","p23","2022","bin1",0.00354156197822078
"battery_2","new5","p28","2022","bin1",223
"battery_2","new7","p9","2024","bin1",256.086421816661
"battery_2","new7","p10","2024","bin1",75.066492638769
"battery_2","new7","p11","2024","bin1",170.39708554457
"battery_2","new9","p9","2026","bin1",472.755731384073
"battery_2","new9","p10","2026","bin1",126.119019239621
"battery_2","new9","p11","2026","bin1",3.16524937630612
"battery_2","new13","p9","2030","bin1",84.3740166616981
"battery_2","new13","p10","2030","bin1",114.425983338302
"battery_2","new15","p9","2032","bin1",1054.87853169313
"battery_2","new15","p10","2032","bin1",950.57146830687
"battery_2","new17","p27","2034","bin1",26.6891253874045
"battery_2","new17","p28","2034","bin1",234.400764521884
"battery_2","new17","p29","2034","bin1",61.676
"battery_2","new17","p30","2034","bin1",28.5005
"battery_2","new17","p33","2034","bin1",10.1111947696633
"battery_2","new17","p34","2034","bin1",7.63887375906982
"battery_2","new19","p23","2036","bin1",3.84461390681585
"battery_2","new19","p28","2036","bin1",135.712418114049
"battery_2","new19","p29","2036","bin1",31.637
"battery_2","new19","p31","2036","bin1",214.241517649653
"battery_2","new19","p32","2036","bin1",16.0450394887702
"battery_2","new19","p33","2036","bin1",62.1240390906648
"battery_2","new19","p34","2036","bin1",25.5036968823365
"battery_2","new19","p59","2036","bin1",24.1616748677084
"battery_2","new21","p4","2038","bin1",32.433875
"battery_2","new21","p6","2038","bin1",2.93364712063607
"battery_2","new21","p8","2038","bin1",1.46146167619907
"battery_2","new21","p9","2038","bin1",189.831166570205
"battery_2","new21","p10","2038","bin1",706.269737997478
"battery_2","new21","p11","2038","bin1",107.279095432317
"battery_2","new21","p13","2038","bin1",263.731016203165
"battery_2","new21","p28","2038","bin1",255.737130241838
"battery_2","new21","p29","2038","bin1",19.7467390732692
"battery_2","new21","p30","2038","bin1",17.5009159992444
"battery_2","new23","p5","2040","bin1",98.7349750000001
"battery_2","new23","p6","2040","bin1",0.952
"battery_2","new23","p9","2040","bin1",225.030883882271
"battery_2","new23","p10","2040","bin1",706.673791117729
"battery_2","new23","p11","2040","bin1",66.125325
"battery_2","new23","p25","2040","bin1",0.473025
"battery_2","new23","p28","2040","bin1",385.414763033125
"battery_2","new23","p29","2040","bin1",18.721675
"battery_2","new23","p30","2040","bin1",126.61175
"battery_2","new23","p31","2040","bin1",38.30257177415
"battery_2","new23","p34","2040","bin1",29.6697880231266
"battery_2","new25","p28","2042","bin1",81.213608958107
"battery_2","new25","p30","2042","bin1",437.064933586313
"battery_2","new25","p33","2042","bin1",34.2900272844144
"battery_2","new25","p34","2042","bin1",30.69088759555
"battery_2","new25","p59","2042","bin1",52.5487509928433
"battery_2","new27","p9","2044","bin1",383.4061537761
"battery_2","new27","p10","2044","bin1",895.694727799302
"battery_2","new27","p11","2044","bin1",124.289118424598
"battery_2","new27","p12","2044","bin1",79.6023293752735
"battery_2","new27","p13","2044","bin1",221.017670624726
"battery_2","new27","p29","2044","bin1",31.3238602330218
"battery_2","new27","p30","2044","bin1",16.74797746082
"battery_2","new27","p33","2044","bin1",22.306084859624
"battery_2","new27","p34","2044","bin1",99.2398166503175
"battery_2","new27","p59","2044","bin1",227.282260796216
"battery_2","new29","p6","2046","bin1",0.89901225380071
"battery_2","new29","p8","2046","bin1",145.024339626745
"battery_2","new29","p9","2046","bin1",575.43871210411
"battery_2","new29","p11","2046","bin1",21.9312878958904
"battery_2","new29","p12","2046","bin1",271.28670751331
"battery_2","new29","p13","2046","bin1",194.759492216987
"battery_2","new29","p21","2046","bin1",32.7212381835921
"battery_2","new29","p24","2046","bin1",3.80697089946703
"battery_2","new29","p25","2046","bin1",57.1492102055651
"battery_2","new29","p30","2046","bin1",197.683029100534
"battery_2","new31","p8","2048","bin1",7.51233496037363
"battery_2","new31","p9","2048","bin1",685.438160114366
"battery_2","new31","p10","2048","bin1",1556.3269024622
"battery_2","new31","p12","2048","bin1",292.928365039626
"battery_2","new31","p24","2048","bin1",251.942470144753
"battery_2","new31","p25","2048","bin1",0.5593
"battery_2","new31","p29","2048","bin1",6.60355315527137
"battery_2","new31","p33","2048","bin1",4.167125
"battery_2","new31","p34","2048","bin1",70.1037915695828
"battery_2","new33","p8","2050","bin1",5.08432836180541
"battery_2","new33","p9","2050","bin1",267.42493742343
"battery_2","new33","p13","2050","bin1",239.188380449991
"battery_2","new33","p25","2050","bin1",56.8272911882031
"battery_4","new1","p9","2014","bin1",6
"battery_4","new1","p10","2012","bin1",1
"battery_4","new1","p10","2016","bin1",90.9
"battery_4","new1","p10","2018","bin1",33.3
"battery_4","new1","p11","2012","bin1",1
"battery_4","new1","p11","2014","bin1",2
"battery_4","new1","p11","2016","bin1",1
"battery_4","new1","p11","2018","bin1",79.5
"battery_4","new3","p9","2020","bin1",1
"battery_4","new3","p10","2020","bin1",20
"battery_4","new3","p11","2020","bin1",252
"battery_4","new5","p9","2022","bin1",1065.8
"battery_4","new5","p10","2022","bin1",814.8
"battery_4","new5","p11","2022","bin1",96
"battery_4","new5","p26","2022","bin1",0.087125
"battery_4","new7","p2","2024","bin1",7.8474826634532
"battery_4","new7","p6","2024","bin1",0.038675
"battery_4","new7","p7","2024","bin1",0.277378900396935
"battery_4","new7","p8","2024","bin1",7.32286006415101
"battery_4","new7","p9","2024","bin1",198.535697544278
"battery_4","new7","p10","2024","bin1",1336.72165897535
"battery_4","new7","p12","2024","bin1",100
"battery_4","new7","p13","2024","bin1",139.15630092
"battery_4","new9","p1","2026","bin1",0.953605596132085
"battery_4","new9","p2","2026","bin1",0.142800000000053
"battery_4","new9","p5","2026","bin1",0.437197819154408
"battery_4","new9","p6","2026","bin1",0.16065
"battery_4","new9","p8","2026","bin1",0.721417935848876
"battery_4","new9","p9","2026","bin1",10.849425352565
"battery_4","new9","p10","2026","bin1",134.681391567384
"battery_4","new9","p11","2026","bin1",1.40172551041679
"battery_4","new9","p12","2026","bin1",530.622737804448
"battery_4","new9","p13","2026","bin1",60.8436990800001
"battery_4","new9","p21","2026","bin1",23.9921417898418
"battery_4","new9","p23","2026","bin1",0.440283921407263
"battery_4","new9","p24","2026","bin1",102.040316822611
"battery_4","new9","p25","2026","bin1",96.7260633317229
"battery_4","new9","p26","2026","bin1",1.55239337926733
"battery_4","new9","p27","2026","bin1",112.170237527146
"battery_4","new9","p28","2026","bin1",394.950162968116
"battery_4","new9","p29","2026","bin1",0.2097375
"battery_4","new9","p30","2026","bin1",67.3641334470349
"battery_4","new9","p31","2026","bin1",87.6114435601005
"battery_4","new9","p33","2026","bin1",105.838809329101
"battery_4","new9","p59","2026","bin1",104.045693086718
"battery_4","new11","p5","2028","bin1",0.755135443398933
"battery_4","new11","p6","2028","bin1",0.393220918075856
"battery_4","new11","p7","2028","bin1",0.525164194593087
"battery_4","new11","p9","2028","bin1",9.52595
"battery_4","new11","p10","2028","bin1",479.919233004068
"battery_4","new11","p11","2028","bin1",292.924918045934
"battery_4","new11","p12","2028","bin1",586.225757852483
"battery_4","new11","p13","2028","bin1",1241.94283850095
"battery_4","new11","p19","2028","bin1",0.0813454552204943
"battery_4","new11","p21","2028","bin1",44.6179369054294
"battery_4","new11","p25","2028","bin1",464.86969130814
"battery_4","new11","p27","2028","bin1",73.1392288398769
"battery_4","new11","p28","2028","bin1",1197.13021364431
"battery_4","new11","p29","2028","bin1",10.20425
"battery_4","new11","p30","2028","bin1",444.126870984913
"battery_4","new11","p31","2028","bin1",67.4338460685553
"battery_4","new11","p33","2028","bin1",111.453590117788
"battery_4","new11","p59","2028","bin1",139.458871876697
"battery_4","new13","p1","2030","bin1",0.7490625
"battery_4","new13","p5","2030","bin1",66.1465702570832
"battery_4","new13","p6","2030","bin1",9.96605324063611
"battery_4","new13","p7","2030","bin1",0.224699967978711
"battery_4","new13","p8","2030","bin1",73.8595801677821
"battery_4","new13","p9","2030","bin1",721.221162500001
"battery_4","new13","p10","2030","bin1",20.3088375
"battery_4","new13","p12","2030","bin1",182.486140730884
"battery_4","new13","p13","2030","bin1",45.7794673386799
"battery_4","new13","p20","2030","bin1",85.5751018317186
"battery_4","new13","p21","2030","bin1",123.55308381744
"battery_4","new13","p22","2030","bin1",13.9090909090909
"battery_4","new13","p23","2030","bin1",21.2757292007684
"battery_4","new13","p25","2030","bin1",53.6082641049974
"battery_4","new13","p26","2030","bin1",0.811267177120836
"battery_4","new13","p27","2030","bin1",149.553358025615
"battery_4","new13","p28","2030","bin1",343.903546991693
"battery_4","new13","p29","2030","bin1",12.06065
"battery_4","new13","p30","2030","bin1",494.342388108883
"battery_4","new13","p31","2030","bin1",219.471964307651
"battery_4","new13","p33","2030","bin1",252.827571842034
"battery_4","new13","p34","2030","bin1",171.1591875
"battery_4","new13","p59","2030","bin1",176.636143547989
"battery_4","new15","p1","2032","bin1",4.06020227156498
"battery_4","new15","p2","2032","bin1",2.24987323158055
"battery_4","new15","p5","2032","bin1",36.985361045089
"battery_4","new15","p6","2032","bin1",0.2142
"battery_4","new15","p7","2032","bin1",0.326620969570488
"battery_4","new15","p12","2032","bin1",24.7034930312636
"battery_4","new15","p13","2032","bin1",1155.82824688904
"battery_4","new15","p14","2032","bin1",0.171501036836497
"battery_4","new15","p20","2032","bin1",18.5918158185488
"battery_4","new15","p21","2032","bin1",48.7981089330885
"battery_4","new15","p22","2032","bin1",5.45950976946119
"battery_4","new15","p23","2032","bin1",4.19947336709446
"battery_4","new15","p25","2032","bin1",1.67472759783617
"battery_4","new15","p26","2032","bin1",0.0193375
"battery_4","new15","p27","2032","bin1",85.0738939431852
"battery_4","new15","p29","2032","bin1",2.36557168070891
"battery_4","new15","p30","2032","bin1",17.5180022631417
"battery_4","new15","p31","2032","bin1",128.08297542111
"battery_4","new15","p33","2032","bin1",4.92331035901656
"battery_4","new15","p59","2032","bin1",0.966772965744265
"battery_4","new17","p1","2034","bin1",7.35957199079266
"battery_4","new17","p2","2034","bin1",1.24472790865137
"battery_4","new17","p5","2034","bin1",13.7334285246767
"battery_4","new17","p6","2034","bin1",0.410125
"battery_4","new17","p7","2034","bin1",72.6932563413741
"battery_4","new17","p8","2034","bin1",12.8201395079879
"battery_4","new17","p11","2034","bin1",38.5949999999999
"battery_4","new17","p12","2034","bin1",1.5157625
"battery_4","new17","p13","2034","bin1",847.473327818566
"battery_4","new17","p21","2034","bin1",92.0137430806385
"battery_4","new17","p25","2034","bin1",0.575917327312802
"battery_4","new17","p27","2034","bin1",53.95294803488
"battery_4","new17","p28","2034","bin1",93.1083656779433
"battery_4","new17","p30","2034","bin1",30.430612244898
"battery_4","new17","p31","2034","bin1",342.439844823268
"battery_4","new19","p1","2036","bin1",22.176433688424
"battery_4","new19","p2","2036","bin1",1.4607550663512
"battery_4","new19","p5","2036","bin1",17.222275
"battery_4","new19","p6","2036","bin1",0.0971241651615427
"battery_4","new19","p7","2036","bin1",477.874347615379
"battery_4","new19","p8","2036","bin1",1.33790429312897
"battery_4","new19","p9","2036","bin1",1657.54981378474
"battery_4","new19","p10","2036","bin1",1282.22631738027
"battery_4","new19","p11","2036","bin1",259.753868834982
"battery_4","new19","p12","2036","bin1",0.06545
"battery_4","new19","p13","2036","bin1",295.726451555227
"battery_4","new19","p21","2036","bin1",64.0963641237157
"battery_4","new19","p22","2036","bin1",24.459465
"battery_4","new19","p25","2036","bin1",3.08342949245886
"battery_4","new19","p27","2036","bin1",76.9915125
"battery_4","new19","p30","2036","bin1",42.5515199703048
"battery_4","new19","p59","2036","bin1",237.176967529696
"battery_4","new21","p1","2038","bin1",16.8761459947287
"battery_4","new21","p2","2038","bin1",2.60555555555555
"battery_4","new21","p5","2038","bin1",325.429541739968
"battery_4","new21","p6","2038","bin1",0.013887739504329
"battery_4","new21","p7","2038","bin1",0.0966875
"battery_4","new21","p9","2038","bin1",487.969187380532
"battery_4","new21","p10","2038","bin1",2091.30581261947
"battery_4","new21","p13","2038","bin1",265.535430393197
"battery_4","new21","p21","2038","bin1",80.8648760772017
"battery_4","new21","p27","2038","bin1",60.4344026656014
"battery_4","new21","p28","2038","bin1",58.6970292359412
"battery_4","new21","p29","2038","bin1",21.152916366629
"battery_4","new21","p30","2038","bin1",208.281666611766
"battery_4","new21","p33","2038","bin1",161.952274333809
"battery_4","new21","p34","2038","bin1",11.290467033882
"battery_4","new23","p1","2040","bin1",18.4229998294949
"battery_4","new23","p2","2040","bin1",2.51826530612245
"battery_4","new23","p5","2040","bin1",166.075567983123
"battery_4","new23","p8","2040","bin1",67.9058743611212
"battery_4","new23","p9","2040","bin1",631.424804736253
"battery_4","new23","p10","2040","bin1",1895.97255178338
"battery_4","new23","p13","2040","bin1",658.6218625
"battery_4","new23","p21","2040","bin1",17.5198754295301
"battery_4","new23","p25","2040","bin1",69.7748850169299
"battery_4","new23","p26","2040","bin1",4.4633671216792
"battery_4","new23","p27","2040","bin1",62.3571519086444
"battery_4","new23","p28","2040","bin1",56.898261971696
"battery_4","new23","p31","2040","bin1",32.6224628564598
"battery_4","new23","p33","2040","bin1",50.0015754327992
"battery_4","new25","p1","2042","bin1",17.4200416036864
"battery_4","new25","p2","2042","bin1",12.0829625
"battery_4","new25","p5","2042","bin1",407.865058777216
"battery_4","new25","p6","2042","bin1",2.06254500565785
"battery_4","new25","p10","2042","bin1",1619.15853521594
"battery_4","new25","p11","2042","bin1",31.5040072144207
"battery_4","new25","p13","2042","bin1",1008.29175212412
"battery_4","new25","p21","2042","bin1",95.9198731273389
"battery_4","new25","p25","2042","bin1",279.745473598395
"battery_4","new25","p27","2042","bin1",130.827012679644
"battery_4","new25","p28","2042","bin1",307.144532455509
"battery_4","new25","p31","2042","bin1",517.372384349162
"battery_4","new25","p33","2042","bin1",40.5491613577928
"battery_4","new27","p1","2044","bin1",7.76562615247011
"battery_4","new27","p5","2044","bin1",85.8942149932463
"battery_4","new27","p7","2044","bin1",93.0727697162892
"battery_4","new27","p10","2044","bin1",2358.12386578738
"battery_4","new27","p11","2044","bin1",5.58307771245714
"battery_4","new27","p13","2044","bin1",418.419577097581
"battery_4","new27","p14","2044","bin1",0.0164592120152248
"battery_4","new27","p21","2044","bin1",93.6842375
"battery_4","new27","p22","2044","bin1",13.274195
"battery_4","new27","p25","2044","bin1",45.1403034098168
"battery_4","new27","p26","2044","bin1",0.156299870454161
"battery_4","new27","p27","2044","bin1",45.5796195187617
"battery_4","new27","p28","2044","bin1",491.39974101008
"battery_4","new27","p30","2044","bin1",533.286373616394
"battery_4","new27","p34","2044","bin1",420.065420080392
"battery_4","new29","p7","2046","bin1",47.8092857142857
"battery_4","new29","p10","2046","bin1",1786.46984473937
"battery_4","new29","p11","2046","bin1",22.4324730281925
"battery_4","new29","p13","2046","bin1",117.145252290721
"battery_4","new29","p21","2046","bin1",78.3693309082039
"battery_4","new29","p27","2046","bin1",377.993049090451
"battery_4","new29","p28","2046","bin1",432.518619483592
"battery_4","new29","p30","2046","bin1",224.55559082814
"battery_4","new29","p33","2046","bin1",69.4664190656289
"battery_4","new29","p59","2046","bin1",161.709000442407
"battery_4","new31","p1","2048","bin1",10.750690887886
"battery_4","new31","p5","2048","bin1",21.6653872205032
"battery_4","new31","p6","2048","bin1",4.83900948214425
"battery_4","new31","p7","2048","bin1",57.434227097463
"battery_4","new31","p8","2048","bin1",4.02657526699696
"battery_4","new31","p9","2048","bin1",370.350170378822
"battery_4","new31","p10","2048","bin1",4994.65344011678
"battery_4","new31","p12","2048","bin1",438.257759101373
"battery_4","new31","p13","2048","bin1",1055.22185439259
"battery_4","new31","p15","2048","bin1",35.357152194
"battery_4","new31","p21","2048","bin1",85.8033694716763
"battery_4","new31","p25","2048","bin1",463.1787748042
"battery_4","new31","p27","2048","bin1",522.258740265293
"battery_4","new31","p28","2048","bin1",340.983059657081
"battery_4","new31","p29","2048","bin1",66.7008614991113
"battery_4","new31","p30","2048","bin1",169.485681272791
"battery_4","new31","p31","2048","bin1",328.873930536883
"battery_4","new31","p33","2048","bin1",105.07067584122
"battery_4","new31","p34","2048","bin1",199.288718447
"battery_4","new31","p59","2048","bin1",128.457631291454
"battery_4","new33","p1","2050","bin1",8.20904746209624
"battery_4","new33","p5","2050","bin1",88.531234321469
"battery_4","new33","p6","2050","bin1",19.2840227013031
"battery_4","new33","p7","2050","bin1",402.32020205217
"battery_4","new33","p9","2050","bin1",124.318899166136
"battery_4","new33","p10","2050","bin1",4423.93333333333
"battery_4","new33","p11","2050","bin1",44.2992843750602
"battery_4","new33","p12","2050","bin1",987.490523768539
"battery_4","new33","p13","2050","bin1",613.513082152971
"battery_4","new33","p15","2050","bin1",22.2414485748
"battery_4","new33","p21","2050","bin1",202.359668624454
"battery_4","new33","p25","2050","bin1",42.5631568032172
"battery_4","new33","p26","2050","bin1",0.11571896301382
"battery_4","new33","p27","2050","bin1",219.496919273987
"battery_4","new33","p28","2050","bin1",344.349302643319
"battery_4","new33","p29","2050","bin1",37.9025373407617
"battery_4","new33","p30","2050","bin1",385.185768795969
"battery_4","new33","p31","2050","bin1",337.181747881921
"battery_4","new33","p33","2050","bin1",96.7305359668224
"battery_4","new33","p34","2050","bin1",18.2512
"battery_4","new33","p59","2050","bin1",248.35930933546
"battery_6","new11","p10","2028","bin1",110.636458420752
"battery_6","new13","p9","2030","bin1",784.525642797571
"battery_6","new13","p10","2030","bin1",4614.95789878168
"battery_6","new15","p7","2032","bin1",0.000441256559005926
"battery_6","new15","p9","2032","bin1",613.615132668548
"battery_6","new15","p10","2032","bin1",2424.14862427023
"battery_6","new15","p11","2032","bin1",435.782653061224
"battery_6","new15","p12","2032","bin1",10.6999307846114
"battery_6","new15","p13","2032","bin1",503.745888865433
"battery_6","new15","p21","2032","bin1",52.2950313753729
"battery_6","new15","p23","2032","bin1",1.0344868037792
"battery_6","new15","p27","2032","bin1",60.2581331026589
"battery_6","new15","p28","2032","bin1",1279.86217329389
"battery_6","new15","p29","2032","bin1",97.4918600760171
"battery_6","new15","p30","2032","bin1",425.20799034672
"battery_6","new15","p31","2032","bin1",365.44067789349
"battery_6","new15","p34","2032","bin1",247.573294928505
"battery_6","new15","p59","2032","bin1",186.881383554937
"battery_6","new17","p7","2034","bin1",90.6655088727854
"battery_6","new17","p8","2034","bin1",0.232188863633715
"battery_6","new17","p12","2034","bin1",150.599900678132
"battery_6","new17","p13","2034","bin1",113.53616228156
"battery_6","new17","p21","2034","bin1",30.7149470219113
"battery_6","new17","p31","2034","bin1",169.25825369785
"battery_6","new19","p7","2036","bin1",2.64379998892753
"battery_6","new19","p12","2036","bin1",930.640409252897
"battery_6","new19","p13","2036","bin1",130.986538610149
"battery_6","new19","p27","2036","bin1",2.1840154909822
"battery_6","new19","p30","2036","bin1",109.353367390846
"battery_6","new19","p59","2036","bin1",10.0914502370265
"battery_6","new21","p5","2038","bin1",2.19810445810238
"battery_6","new21","p9","2038","bin1",274.364481148688
"battery_6","new21","p10","2038","bin1",153.91346885131
"battery_6","new21","p12","2038","bin1",360.005140280501
"battery_6","new21","p13","2038","bin1",387.878560215142
"battery_6","new21","p21","2038","bin1",19.7125230872295
"battery_6","new21","p25","2038","bin1",490.131154107052
"battery_6","new21","p30","2038","bin1",11.3212230733294
"battery_6","new21","p33","2038","bin1",48.3188783736458
"battery_6","new21","p34","2038","bin1",5.43824141229521
"battery_6","new21","p59","2038","bin1",81.8238125707395
"battery_6","new23","p8","2040","bin1",67.0629390395694
"battery_6","new23","p9","2040","bin1",274.105708075416
"battery_6","new23","p10","2040","bin1",39.5972519245842
"battery_6","new23","p12","2040","bin1",91.7192126087251
"battery_6","new23","p13","2040","bin1",196.111555909856
"battery_6","new23","p21","2040","bin1",68.4861839355092
"battery_6","new23","p25","2040","bin1",206.913878506318
"battery_6","new23","p27","2040","bin1",22.0532940873103
"battery_6","new23","p30","2040","bin1",563.955281127584
"battery_6","new23","p33","2040","bin1",39.4866145998115
"battery_6","new23","p59","2040","bin1",25.7408041479904
"battery_6","new25","p1","2042","bin1",3.6135309037436
"battery_6","new25","p2","2042","bin1",0.473469387755102
"battery_6","new25","p5","2042","bin1",263.882705821807
"battery_6","new25","p7","2042","bin1",460.605995894061
"battery_6","new25","p8","2042","bin1",376.858380321547
"battery_6","new25","p9","2042","bin1",7.40552006464732
"battery_6","new25","p10","2042","bin1",2368.07949730687
"battery_6","new25","p11","2042","bin1",19.4996149554478
"battery_6","new25","p12","2042","bin1",298.341815783857
"battery_6","new25","p13","2042","bin1",32.5508598680686
"battery_6","new25","p21","2042","bin1",61.7035284435758
"battery_6","new25","p25","2042","bin1",6.55899598806707
"battery_6","new25","p26","2042","bin1",0.960717587539446
"battery_6","new27","p10","2044","bin1",197.863758571583
"battery_6","new29","p9","2046","bin1",141.690369002009
"battery_6","new29","p10","2046","bin1",3404.16783325592
"battery_6","new31","p8","2048","bin1",0.28326854306969
"battery_6","new31","p9","2048","bin1",311.627404588005
"battery_6","new31","p10","2048","bin1",3.63168455402104
"battery_6","new31","p11","2048","bin1",93.250201707089
"battery_6","new31","p13","2048","bin1",1.1710943953115
"battery_6","new31","p27","2048","bin1",30.9595720604876
"battery_6","new31","p28","2048","bin1",644.696018928094
"battery_6","new31","p30","2048","bin1",342.093902188895
"battery_6","new33","p8","2050","bin1",64.5865381449628
"battery_6","new33","p9","2050","bin1",272.519671202451
"battery_6","new33","p10","2050","bin1",742.191740026661
"battery_6","new33","p11","2050","bin1",50.0281846947025
"battery_6","new33","p13","2050","bin1",2.19046394403868
"battery_6","new33","p15","2050","bin1",1.86485298220348
"battery_6","new33","p27","2050","bin1",178.38434573042
"battery_6","new33","p28","2050","bin1",879.713186970032
"battery_6","new33","p30","2050","bin1",829.132208934181
"battery_6","new33","p59","2050","bin1",206.198838483842
"battery_8","new17","p7","2034","bin1",12.8101856510576
"battery_8","new17","p10","2034","bin1",17.7422787347707
"battery_8","new17","p11","2034","bin1",42.9132805266948
"battery_8","new17","p12","2034","bin1",66.1921592781684
"battery_8","new17","p13","2034","bin1",634.255979919222
"battery_8","new17","p21","2034","bin1",0.0524637382985418
"battery_8","new19","p7","2036","bin1",279.441246123436
"battery_8","new19","p10","2036","bin1",54.6270959777801
"battery_8","new19","p11","2036","bin1",2.56675056222109
"battery_8","new19","p13","2036","bin1",79.7446406953078
"battery_8","new19","p20","2036","bin1",55.5570414566403
"battery_8","new19","p21","2036","bin1",53.9894066704264
"battery_8","new19","p30","2036","bin1",2.94907473062631
"battery_8","new21","p5","2038","bin1",0.415913947081911
"battery_8","new21","p7","2038","bin1",353.156188697003
"battery_8","new21","p9","2038","bin1",68.3571649007304
"battery_8","new21","p10","2038","bin1",19.7953550557436
"battery_8","new21","p12","2038","bin1",50.4327940233323
"battery_8","new21","p13","2038","bin1",272.266466519455
"battery_8","new21","p21","2038","bin1",56.906138076043
"battery_8","new21","p28","2038","bin1",19.4065705041097
"battery_8","new21","p30","2038","bin1",3.3633832413343
"battery_8","new21","p33","2038","bin1",5.40072820424258
"battery_8","new21","p34","2038","bin1",31.6180952520619
"battery_8","new21","p59","2038","bin1",3.02043353921579
"battery_8","new23","p5","2040","bin1",149.120804996148
"battery_8","new23","p7","2040","bin1",211.076703572255
"battery_8","new23","p8","2040","bin1",0.307474058035537
"battery_8","new23","p9","2040","bin1",54.1495117923162
"battery_8","new23","p12","2040","bin1",479.432920633147
"battery_8","new23","p13","2040","bin1",560.068310880954
"battery_8","new23","p21","2040","bin1",40.9252532530953
"battery_8","new23","p25","2040","bin1",887.999665365588
"battery_8","new23","p27","2040","bin1",42.8220980933437
"battery_8","new23","p28","2040","bin1",17.9527953090315
"battery_8","new23","p30","2040","bin1",14.8767364179013
"battery_8","new23","p33","2040","bin1",9.30924244711362
"battery_8","new23","p59","2040","bin1",229.17738668386
"battery_8","new25","p9","2042","bin1",135.258030880979
"battery_8","new25","p11","2042","bin1",1.84110365945701
"battery_8","new27","p9","2044","bin1",178.978500154305
"battery_8","new27","p11","2044","bin1",0.220609277008396
"battery_8","new31","p29","2048","bin1",0.141960703631314
"battery_8","new31","p30","2048","bin1",31.6655260419373
"battery_8","new33","p30","2050","bin1",4.03867914823578
"biopower","new1","p5","2012","bin1",6.4
"biopower","new1","p5","2014","bin1",1
"biopower","new1","p9","2012","bin1",23.3
"biopower","new1","p9","2014","bin1",2.6
"biopower","new1","p9","2016","bin1",3.8
"biopower","new1","p10","2012","bin1",3.3
"biopower","new1","p10","2014","bin1",2.8
"biopower","new1","p10","2018","bin1",25
"biopower","new1","p15","2012","bin1",13
"biopower","new1","p15","2014","bin1",3.3
"biopower","new1","p16","2012","bin1",5
"biopower","new1","p25","2012","bin1",3
"biopower","new1","p33","2014","bin1",12.6
"biopower","new2","p9","2020","bin1",3
"biopower","new2","p9","2022","bin1",6.2
"biopower","new2","p10","2022","bin1",2.6
"coal-new","new1","p23","2010","bin1",100
"coal-new","new1","p23","2012","bin1",390
"coal-new","new1","p34","2010","bin1",750
"csp-ns","new1","s33","2014","bin1",917.8
"csp-ns","new1","s38","2016","bin1",110
"csp-ns","new1","s57","2014","bin1",295.6
"Gas-CC","new1","p5","2016","bin1",416.3
"Gas-CC","new1","p9","2010","bin1",640
"Gas-CC","new1","p9","2012","bin1",466.7
"Gas-CC","new1","p9","2014","bin1",741.1
"Gas-CC","new1","p10","2010","bin1",345
"Gas-CC","new1","p10","2012","bin1",120
"Gas-CC","new1","p10","2014","bin1",510
"Gas-CC","new1","p10","2016","bin1",395
"Gas-CC","new1","p13","2010","bin1",6.5
"Gas-CC","new1","p13","2012","bin1",510
"Gas-CC","new1","p15","2012","bin1",299.7
"Gas-CC","new1","p24","2014","bin1",94
"Gas-CC","new1","p25","2014","bin1",629
"Gas-CC","new1","p25","2016","bin1",8.39999999999998
"Gas-CC","new1","p33","2016","bin1",576
"Gas-CC","new1","p34","2012","bin1",188
"Gas-CC","new1","p59","2012","bin1",128
"Gas-CC","new2","p10","2020","bin1",1206
"Gas-CC","new2","p30","2022","bin1",866.750207950116
"Gas-CC","new3","p13","2026","bin1",182.286024047906
"Gas-CC","new3","p30","2026","bin1",52.7325782248226
"Gas-CC","new11","p30","2034","bin1",92.7100497922864
"Gas-CC","new19","p27","2042","bin1",19.5234287554979
"Gas-CC","new21","p27","2044","bin1",241.197039377854
"Gas-CC","new23","p27","2046","bin1",48.4979347379641
"Gas-CC","new25","p27","2048","bin1",28.2970905280737
"Gas-CT","new1","p8","2010","bin1",5
"Gas-CT","new1","p9","2010","bin1",147.1
"Gas-CT","new1","p9","2012","bin1",415.1
"Gas-CT","new1","p10","2012","bin1",350.9
"Gas-CT","new1","p11","2010","bin1",158.7
"Gas-CT","new1","p17","2012","bin1",132.3
"Gas-CT","new1","p18","2012","bin1",40.5
"Gas-CT","new1","p25","2010","bin1",36.8
"Gas-CT","new1","p25","2012","bin1",23
"Gas-CT","new1","p28","2012","bin1",520.8
"Gas-CT","new1","p30","2010","bin1",65.3423453273008
"Gas-CT","new1","p34","2012","bin1",180
"Gas-CT","new2","p5","2014","bin1",205.7
"Gas-CT","new2","p5","2016","bin1",18.7
"Gas-CT","new2","p9","2014","bin1",765.2
"Gas-CT","new2","p10","2014","bin1",1955.5
"Gas-CT","new2","p10","2016","bin1",204
"Gas-CT","new2","p11","2014","bin1",54
"Gas-CT","new2","p11","2016","bin1",318
"Gas-CT","new2","p24","2014","bin1",37
"Gas-CT","new2","p25","2016","bin1",5
"Gas-CT","new2","p26","2016","bin1",4.2
"Gas-CT","new2","p31","2014","bin1",88
"Gas-CT","new2","p31","2016","bin1",40
"Gas-CT","new2","p34","2016","bin1",40
"Gas-CT","new2","p59","2016","bin1",352
"Gas-CT","new3","p10","2020","bin1",141
"Gas-CT","new3","p11","2018","bin1",527.5
"Gas-CT","new3","p25","2018","bin1",12
"Gas-CT","new3","p25","2020","bin1",14
"Gas-CT","new3","p28","2020","bin1",523.5
"Gas-CT","new3","p30","2020","bin1",185.586602522583
"Gas-CT","new4","p5","2022","bin1",394.8
"Gas-CT","new4","p34","2022","bin1",163.8
"Gas-CT","new4","p59","2024","bin1",227.8
"Gas-CT","new7","p15","2034","bin1",628.1741886544
"Gas-CT","new7","p22","2034","bin1",19.2673281114013
"Gas-CT","new7","p26","2034","bin1",458.628202898794
"Gas-CT","new7","p32","2034","bin1",26.8373019027981
"Gas-CT","new8","p1","2040","bin1",976.806561216957
"Gas-CT","new8","p3","2038","bin1",33.9612199999995
"Gas-CT","new8","p3","2040","bin1",222.080977328171
"Gas-CT","new8","p8","2040","bin1",167.887382096693
"Gas-CT","new8","p14","2040","bin1",692.180502914498
"Gas-CT","new8","p15","2040","bin1",143.956556363636
"Gas-CT","new8","p16","2040","bin1",144.289410710579
"Gas-CT","new8","p22","2040","bin1",14.0428268885988
"Gas-CT","new9","p1","2042","bin1",1837.40130473934
"Gas-CT","new9","p1","2044","bin1",1890.72869833678
"Gas-CT","new9","p2","2042","bin1",171.028492227284
"Gas-CT","new9","p3","2042","bin1",177.068905192418
"Gas-CT","new9","p12","2044","bin1",631.057439969783
"Gas-CT","new9","p13","2042","bin1",181.536811367089
"Gas-CT","new9","p13","2044","bin1",801.977549060037
"Gas-CT","new9","p14","2042","bin1",369.673473
"Gas-CT","new9","p15","2042","bin1",219.110820909091
"Gas-CT","new9","p15","2044","bin1",169.731558494399
"Gas-CT","new9","p16","2042","bin1",519.426326441024
"Gas-CT","new9","p22","2042","bin1",22.33262
"Gas-CT","new9","p23","2044","bin1",11.8057797283685
"Gas-CT","new9","p25","2042","bin1",25.7659559792979
"Gas-CT","new9","p25","2044","bin1",586.979608657699
"Gas-CT","new9","p26","2042","bin1",4.30544949298045
"Gas-CT","new9","p26","2044","bin1",1.58772803492563
"Gas-CT","new9","p28","2042","bin1",157.532073281964
"Gas-CT","new9","p28","2044","bin1",864.676542605526
"Gas-CT","new9","p32","2042","bin1",1.02782226120045
"Gas-CT","new9","p32","2044","bin1",168.117717686241
"Gas-CT","new10","p1","2046","bin1",1932.4188526724
"Gas-CT","new10","p1","2048","bin1",1972.68286114458
"Gas-CT","new10","p1","2050","bin1",1241.66642268818
"Gas-CT","new10","p2","2046","bin1",525.365371324639
"Gas-CT","new10","p2","2048","bin1",2347.00117377339
"Gas-CT","new10","p2","2050","bin1",2249.3227083879
"Gas-CT","new10","p3","2046","bin1",364.549261919087
"Gas-CT","new10","p3","2050","bin1",129.707383636363
"Gas-CT","new10","p13","2046","bin1",840.872425367234
"Gas-CT","new10","p13","2048","bin1",751.460105057158
"Gas-CT","new10","p13","2050","bin1",1047.30462288699
"Gas-CT","new10","p14","2046","bin1",94.5498257879847
"Gas-CT","new10","p14","2050","bin1",347.241918579132
"Gas-CT","new10","p15","2046","bin1",1033.87141324361
"Gas-CT","new10","p16","2046","bin1",568.820004906846
"Gas-CT","new10","p16","2048","bin1",28.2196363636363
"Gas-CT","new10","p22","2046","bin1",34.9855709090908
"Gas-CT","new10","p22","2048","bin1",25.8938547694613
"Gas-CT","new10","p22","2050","bin1",20.5829999999999
"Gas-CT","new10","p23","2046","bin1",25.2397189406358
"Gas-CT","new10","p25","2046","bin1",1503.78584812868
"Gas-CT","new10","p25","2050","bin1",837.284359582027
"Gas-CT","new10","p26","2048","bin1",1.49981743042132
"Gas-CT","new10","p26","2050","bin1",47.704363148747
"Gas-CT","new10","p28","2048","bin1",618.361639286572
"Gas-CT","new10","p30","2046","bin1",134.318840693901
"Gas-CT","new10","p33","2046","bin1",242.126779981056
"Gas-CT","new10","p33","2050","bin1",261.659889922455
"Gas-CT","new10","p34","2046","bin1",928.565199341913
"Gas-CT","new10","p34","2048","bin1",51.0878356801455
"Gas-CT","new10","p34","2050","bin1",233.58405447828
"lfill-gas","new1","p1","2014","bin1",4.5
"lfill-gas","new1","p2","2012","bin1",26
"lfill-gas","new1","p5","2010","bin1",4.8
"lfill-gas","new1","p5","2014","bin1",6.4
"lfill-gas","new1","p6","2012","bin1",1.6
"lfill-gas","new1","p9","2010","bin1",1.4
"lfill-gas","new1","p9","2012","bin1",2.4
"lfill-gas","new1","p9","2014","bin1",20.5
"lfill-gas","new1","p9","2016","bin1",8
"lfill-gas","new1","p9","2018","bin1",4
"lfill-gas","new1","p10","2010","bin1",9
"lfill-gas","new1","p10","2012","bin1",37.2
"lfill-gas","new1","p10","2014","bin1",20
"lfill-gas","new1","p10","2016","bin1",23.8
"lfill-gas","new1","p11","2012","bin1",2.4
"lfill-gas","new1","p11","2014","bin1",3
"lfill-gas","new1","p12","2012","bin1",3.2
"lfill-gas","new1","p13","2012","bin1",6.6
"lfill-gas","new1","p14","2012","bin1",3.2
"lfill-gas","new1","p28","2010","bin1",2.8
"lfill-gas","new1","p28","2012","bin1",3.2
"lfill-gas","new1","p33","2012","bin1",3.1
"lfill-gas","new2","p17","2022","bin1",1.6
"o-g-s","new1","p9","2010","bin1",1.2
"o-g-s","new1","p9","2012","bin1",22.4
"o-g-s","new1","p9","2014","bin1",5
"o-g-s","new1","p9","2016","bin1",4.7
"o-g-s","new1","p9","2018","bin1",49.6
"o-g-s","new1","p10","2010","bin1",1.1
"o-g-s","new1","p10","2012","bin1",6
"o-g-s","new1","p10","2014","bin1",5.4
"o-g-s","new1","p10","2016","bin1",2.7
"o-g-s","new1","p10","2018","bin1",14.1
"o-g-s","new1","p11","2012","bin1",5.2
"o-g-s","new1","p25","2014","bin1",6
"o-g-s","new1","p25","2016","bin1",3.8
"o-g-s","new2","p9","2020","bin1",7.8
"o-g-s","new2","p10","2020","bin1",2.8
"o-g-s","new2","p10","2022","bin1",2.2
"o-g-s","new2","p11","2020","bin1",2.5
"pumped-hydro","new1","p11","2012","bin1",42
"pumped-hydro","new11","p9","2028","bin1",237.303340206186
"pumped-hydro","new11","p10","2028","bin1",967.575609857693
"pumped-hydro","new13","p9","2030","bin1",996.228381632997
"pumped-hydro","new15","p10","2032","bin1",14.077918749199
"pumped-hydro","new17","p9","2034","bin1",1224.5407598255
"pumped-hydro","new17","p10","2034","bin1",1262.86815636863
"pumped-hydro","new17","p25","2034","bin1",7.48832440759905
"pumped-hydro","new17","p28","2034","bin1",151.462216804032
"pumped-hydro","new17","p29","2034","bin1",28.8328309772576
"pumped-hydro","new19","p9","2036","bin1",223.664667938785
"pumped-hydro","new19","p28","2036","bin1",126.641523088384
"pumped-hydro","new19","p29","2036","bin1",34.783917255812
"pumped-hydro","new21","p9","2038","bin1",1409.4181016479
"pumped-hydro","new21","p25","2038","bin1",1226.01564029759
"upv_3","new1","p3","2018","bin1",19.2
"upv_3","new5","p1","2022","bin1",15
"upv_3","new5","p2","2022","bin1",150
"upv_3","new5","p17","2022","bin1",80
"upv_3","new5","p20","2022","bin1",80
"upv_3","new7","p7","2024","bin1",2.63027382687576
"upv_3","new11","p7","2028","bin1",1.30955328410666
"upv_3","new13","p2","2030","bin1",2633.12066972796
"upv_3","new13","p7","2030","bin1",0.583608229317048
"upv_3","new15","p7","2032","bin1",0.39417001607616
"upv_3","new17","p2","2034","bin1",70.5656205223857
"upv_3","new17","p7","2034","bin1",448.767695837412
"upv_3","new19","p1","2036","bin1",8.08272732063094
"upv_3","new19","p2","2036","bin1",7.12159414743557
"upv_3","new19","p7","2036","bin1",1402.81863487858
"upv_3","new21","p7","2038","bin1",108.102217773788
"upv_3","new21","p7","2038","bin2",806.750250665733
"upv_3","new23","p7","2040","bin2",454.38667241119
"upv_3","new23","p7","2040","bin3",164.382659912736
"upv_3","new25","p7","2042","bin3",911.449808768817
"upv_3","new27","p7","2044","bin3",413.844316585868
"upv_3","new29","p7","2046","bin3",279.868785260876
"upv_3","new31","p7","2048","bin3",239.884879768482
"upv_3","new33","p7","2050","bin3",748.922626626298
"upv_3","new33","p7","2050","bin4",837.433060720739
"upv_4","new1","p5","2016","bin1",19.8
"upv_4","new1","p5","2018","bin1",111.9
"upv_4","new1","p6","2016","bin1",5
"upv_4","new1","p6","2018","bin1",63.8
"upv_4","new1","p7","2016","bin1",53
"upv_4","new1","p7","2018","bin1",10
"upv_4","new1","p15","2016","bin1",120
"upv_4","new1","p15","2018","bin1",80
"upv_4","new1","p16","2018","bin1",40
"upv_4","new1","p21","2018","bin1",92
"upv_4","new3","p5","2020","bin1",20
"upv_4","new3","p6","2020","bin1",15.6
"upv_4","new3","p7","2020","bin1",152.1
"upv_4","new5","p5","2022","bin1",489.6
"upv_4","new5","p7","2022","bin1",49
"upv_4","new5","p23","2022","bin1",0.108251826057621
"upv_4","new11","p5","2028","bin1",2.55964496991293
"upv_4","new11","p6","2028","bin1",1.35640352096634
"upv_4","new13","p5","2030","bin1",134.282322954313
"upv_4","new13","p6","2030","bin1",32.2312162471041
"upv_4","new13","p23","2030","bin1",48.6283055418521
"upv_4","new15","p5","2032","bin1",11.9802930758013
"upv_4","new17","p5","2034","bin1",12.8799522280813
"upv_4","new17","p6","2034","bin1",9.96666498273663E-5
"upv_4","new19","p5","2036","bin1",15.0687927042948
"upv_4","new19","p6","2036","bin1",0.0563445379294169
"upv_4","new21","p5","2038","bin1",229.681889013673
"upv_4","new21","p6","2038","bin1",0.0386414154549225
"upv_4","new21","p21","2038","bin1",83.7146281642488
"upv_4","new23","p5","2040","bin1",237.026641482995
"upv_4","new25","p5","2042","bin1",663.157541500445
"upv_4","new25","p6","2042","bin1",0.0351662179036509
"upv_5","new1","p33","2016","bin1",63.6
"upv_5","new1","p33","2018","bin1",66
"upv_5","new1","p34","2010","bin1",19
"upv_5","new1","p34","2012","bin1",70.5
"upv_5","new1","p34","2016","bin1",212
"upv_5","new3","p8","2020","bin1",7.6
"upv_5","new3","p26","2020","bin1",57.6
"upv_5","new3","p33","2020","bin1",14.1
"upv_5","new3","p34","2020","bin1",95
"upv_5","new5","p33","2022","bin1",89
"upv_5","new5","p34","2022","bin1",240
"upv_5","new7","p8","2024","bin1",29.7433501796779
"upv_5","new7","p33","2024","bin1",150
"upv_5","new7","p34","2024","bin1",450
"upv_5","new9","p33","2026","bin1",292.685257064652
"upv_5","new11","p33","2028","bin1",204.781830727874
"upv_5","new11","p34","2028","bin1",554.347410211413
"upv_5","new13","p8","2030","bin1",93.3369453766938
"upv_5","new13","p11","2030","bin1",30.5415384615385
"upv_5","new13","p11","2030","bin2",93.6823076923077
"upv_5","new13","p11","2030","bin3",71.8169230769231
"upv_5","new13","p11","2030","bin4",35.4569230769231
"upv_5","new13","p26","2030","bin1",124.00004237891
"upv_5","new13","p33","2030","bin1",1529.00137374594
"upv_5","new13","p33","2030","bin2",643.197242957141
"upv_5","new13","p34","2030","bin1",75.9109233890861
"upv_5","new15","p26","2032","bin1",0.0203142112818548
"upv_5","new17","p8","2034","bin1",13.7472800024108
"upv_5","new19","p33","2036","bin2",28.0141736243093
"upv_5","new19","p34","2036","bin1",337.625832768856
"upv_5","new21","p33","2038","bin2",41.4065762411748
"upv_5","new21","p34","2038","bin1",14.6622813514771
"upv_5","new23","p8","2040","bin1",136.467022708171
"upv_5","new25","p8","2042","bin1",397.136269738809
"upv_5","new25","p11","2042","bin5",36.9984615384615
"upv_5","new25","p11","2042","bin6",63.5953498815354
"upv_5","new27","p11","2044","bin6",18.6331116569262
"upv_5","new27","p11","2044","bin7",32.8669230769231
"upv_5","new27","p34","2044","bin1",584.828490273129
"upv_5","new29","p8","2046","bin1",82.6288318017808
"upv_5","new29","p26","2046","bin1",5.02196002892151
"upv_5","new31","p8","2048","bin1",8.11568789036249
"upv_5","new33","p8","2050","bin1",150.024109693326
"upv_5","new33","p34","2050","bin1",10.5453933648353
"upv_6","new1","p9","2010","bin1",5
"upv_6","new1","p9","2012","bin1",269
"upv_6","new1","p9","2014","bin1",1006.7
"upv_6","new1","p9","2016","bin1",791.94
"upv_6","new1","p9","2018","bin1",678.6
"upv_6","new1","p10","2016","bin1",1304.19138461538
"upv_6","new1","p10","2018","bin1",990.8
"upv_6","new1","p11","2014","bin1",42.3
"upv_6","new1","p11","2018","bin1",20
"upv_6","new1","p12","2012","bin1",21.8
"upv_6","new1","p12","2018","bin1",95.6
"upv_6","new1","p13","2010","bin1",48
"upv_6","new1","p13","2012","bin1",164
"upv_6","new1","p13","2014","bin1",277.5
"upv_6","new1","p13","2016","bin1",838.1
"upv_6","new1","p13","2018","bin1",229
"upv_6","new1","p25","2016","bin1",810.4
"upv_6","new1","p27","2012","bin1",9
"upv_6","new1","p27","2016","bin1",10
"upv_6","new1","p27","2018","bin1",55
"upv_6","new1","p28","2016","bin1",466.8
"upv_6","new1","p28","2018","bin1",87.3
"upv_6","new1","p29","2014","bin1",8.3
"upv_6","new1","p30","2012","bin1",30
"upv_6","new1","p30","2014","bin1",82.6
"upv_6","new1","p30","2016","bin1",15.84
"upv_6","new3","p9","2020","bin1",857.3
"upv_6","new3","p12","2020","bin1",180.8
"upv_6","new3","p13","2020","bin1",400
"upv_6","new3","p25","2020","bin1",279
"upv_6","new5","p9","2022","bin1",311.933846153846
"upv_6","new5","p9","2022","bin2",568.566153846154
"upv_6","new5","p10","2022","bin1",1387.5
"upv_6","new5","p11","2022","bin1",80
"upv_6","new5","p13","2022","bin1",650
"upv_6","new5","p25","2022","bin1",616.9
"upv_6","new7","p9","2024","bin2",1430.85076923077
"upv_6","new7","p10","2024","bin1",4650.79367695662
"upv_6","new7","p11","2024","bin1",623.978461538461
"upv_6","new7","p11","2024","bin2",220.384615384615
"upv_6","new7","p11","2024","bin3",184.106153846154
"upv_6","new7","p12","2024","bin1",339
"upv_6","new7","p13","2024","bin1",470
"upv_6","new7","p27","2024","bin1",684.955289978863
"upv_6","new7","p28","2024","bin1",856.965443962254
"upv_6","new9","p9","2026","bin3",26.645130738214
"upv_6","new9","p10","2026","bin1",204.831635214636
"upv_6","new9","p11","2026","bin4",2.47451798788905
"upv_6","new9","p12","2026","bin1",889.460536401509
"upv_6","new9","p13","2026","bin1",55.5865764235236
"upv_6","new9","p25","2026","bin1",118.523482309062
"upv_6","new9","p27","2026","bin1",57.214141328577
"upv_6","new9","p28","2026","bin1",334.022636861666
"upv_6","new9","p29","2026","bin1",198.524982156467
"upv_6","new9","p30","2026","bin1",73.5032973339448
"upv_6","new11","p9","2028","bin3",225.721092524313
"upv_6","new11","p10","2028","bin1",3025.80789182407
"upv_6","new11","p11","2028","bin4",529.477789704419
"upv_6","new11","p11","2028","bin5",63.8030769230769
"upv_6","new11","p11","2028","bin6",396.939230769231
"upv_6","new11","p11","2028","bin7",234.022983513639
"upv_6","new11","p12","2028","bin1",1216.18613729282
"upv_6","new11","p13","2028","bin1",1116.08880819186
"upv_6","new11","p13","2028","bin2",825.450271013982
"upv_6","new11","p25","2028","bin1",904.229562512196
"upv_6","new11","p27","2028","bin1",188.980263464746
"upv_6","new11","p28","2028","bin1",1763.44936207648
"upv_6","new11","p29","2028","bin1",160.740026428592
"upv_6","new11","p30","2028","bin1",739.480544891579
"upv_6","new13","p9","2030","bin3",1722.98993058363
"upv_6","new13","p9","2030","bin4",785.944615384615
"upv_6","new13","p9","2030","bin5",2411.66384615385
"upv_6","new13","p9","2030","bin6",1482.04638937013
"upv_6","new13","p10","2030","bin1",8610.32233446622
"upv_6","new13","p10","2030","bin2",2629.53249733682
"upv_6","new13","p11","2030","bin7",58.2331703325148
"upv_6","new13","p11","2030","bin8",420.502307692308
"upv_6","new13","p11","2030","bin9",150.726153846154
"upv_6","new13","p11","2030","bin10",294.784615384615
"upv_6","new13","p11","2030","bin11",297.092307692308
"upv_6","new13","p11","2030","bin12",244.339230769231
"upv_6","new13","p11","2030","bin13",426.350769230769
"upv_6","new13","p12","2030","bin1",759.512810039301
"upv_6","new13","p13","2030","bin2",59.1281043386534
"upv_6","new13","p25","2030","bin1",111.027425226409
"upv_6","new13","p27","2030","bin1",293.619692365647
"upv_6","new13","p28","2030","bin1",453.684257216829
"upv_6","new13","p29","2030","bin1",45.3660610006379
"upv_6","new13","p30","2030","bin1",898.062064337938
"upv_6","new13","p59","2030","bin1",191.08863430124
"upv_6","new15","p10","2032","bin2",2373.34733103528
"upv_6","new15","p12","2032","bin1",41.3717209684811
"upv_6","new15","p13","2032","bin2",1530.94736781149
"upv_6","new15","p25","2032","bin1",1.84143464219818
"upv_6","new15","p27","2032","bin1",111.024349487979
"upv_6","new15","p28","2032","bin1",27.4934967531736
"upv_6","new15","p29","2032","bin1",111.061426923609
"upv_6","new15","p30","2032","bin1",718.532819762827
"upv_6","new15","p59","2032","bin1",398.680427747882
"upv_6","new17","p10","2034","bin2",570.923853800004
"upv_6","new17","p12","2034","bin1",590.486214292271
"upv_6","new17","p13","2034","bin2",163.463487605103
"upv_6","new17","p13","2034","bin3",1744.62739407437
"upv_6","new17","p25","2034","bin1",12.8767740731967
"upv_6","new17","p27","2034","bin1",37.895607565061
"upv_6","new17","p28","2034","bin1",17.4795317018942
"upv_6","new17","p30","2034","bin1",40.8548816686732
"upv_6","new17","p59","2034","bin1",129.304084060448
"upv_6","new19","p10","2036","bin2",748.594243285247
"upv_6","new19","p12","2036","bin1",3005.5069296968
"upv_6","new19","p13","2036","bin3",753.001330828085
"upv_6","new19","p25","2036","bin1",4.46457253037671
"upv_6","new19","p27","2036","bin1",50.9992121167487
"upv_6","new19","p29","2036","bin1",130.46703032539
"upv_6","new19","p30","2036","bin1",356.696241628527
"upv_6","new19","p59","2036","bin1",590.564982037004
"upv_6","new21","p10","2038","bin2",3744.30990948495
"upv_6","new21","p12","2038","bin1",1012.37666696176
"upv_6","new21","p13","2038","bin3",1346.91572013646
"upv_6","new21","p25","2038","bin1",265.182133321945
"upv_6","new21","p25","2038","bin2",2995.42384615385
"upv_6","new21","p25","2038","bin3",174.835078593532
"upv_6","new21","p27","2038","bin1",79.7836313102392
"upv_6","new21","p29","2038","bin1",39.4739957274173
"upv_6","new21","p30","2038","bin1",387.711257100594
"upv_6","new21","p59","2038","bin1",220.365865506401
"upv_6","new23","p10","2040","bin2",3567.01828817256
"upv_6","new23","p12","2040","bin1",1292.39104066736
"upv_6","new23","p13","2040","bin3",1470.80093957647
"upv_6","new23","p13","2040","bin4",324.857895221733
"upv_6","new23","p25","2040","bin3",1945.09953679108
"upv_6","new23","p25","2040","bin4",647.449301378836
"upv_6","new23","p27","2040","bin1",118.615922052143
"upv_6","new23","p29","2040","bin1",10.0814074048442
"upv_6","new23","p30","2040","bin1",1459.56115564207
"upv_6","new23","p59","2040","bin1",520.51382127204
"upv_6","new25","p10","2042","bin2",5385.63003073129
"upv_6","new25","p10","2042","bin3",2409.2166256958
"upv_6","new25","p12","2042","bin1",512.693127106731
"upv_6","new25","p27","2042","bin1",164.692118293307
"upv_6","new25","p29","2042","bin1",110.568577315006
"upv_6","new25","p30","2042","bin1",288.083181606797
"upv_6","new25","p59","2042","bin1",69.1681649383365
"upv_6","new27","p10","2044","bin3",4135.86941863784
"upv_6","new27","p12","2044","bin1",1.9170957953556
"upv_6","new27","p29","2044","bin1",2.12995661604202
"upv_6","new27","p30","2044","bin1",878.939644553912
"upv_6","new27","p59","2044","bin1",169.437533945412
"upv_6","new29","p10","2046","bin3",9246.99810890232
"upv_6","new29","p12","2046","bin1",87.0512857819329
"upv_6","new29","p25","2046","bin4",34.8646979522007
"upv_6","new29","p27","2046","bin1",637.411718387771
"upv_6","new29","p28","2046","bin1",86.8276119633187
"upv_6","new29","p29","2046","bin1",91.9166370969026
"upv_6","new29","p30","2046","bin1",254.563665600306
"upv_6","new29","p59","2046","bin1",309.209563114312
"upv_6","new31","p10","2048","bin3",2564.78046214866
"upv_6","new31","p10","2048","bin4",1655.25548126717
"upv_6","new31","p12","2048","bin1",935.515151241556
"upv_6","new31","p27","2048","bin1",827.355920685485
"upv_6","new31","p29","2048","bin1",37.3166448551462
"upv_6","new31","p30","2048","bin1",326.677676598021
"upv_6","new33","p10","2050","bin4",5509.25350278872
"upv_6","new33","p12","2050","bin1",32.9320529849007
"upv_6","new33","p12","2050","bin2",1409.93546726576
"upv_6","new33","p13","2050","bin4",119.841528378517
"upv_6","new33","p25","2050","bin4",66.5859442209183
"upv_6","new33","p27","2050","bin1",633.934962258868
"upv_6","new33","p28","2050","bin1",1757.05815130166
"upv_6","new33","p29","2050","bin1",37.3422354023135
"upv_6","new33","p30","2050","bin1",1908.63910328945
"upv_6","new33","p59","2050","bin2",452.617149001895
"upv_7","new1","p10","2012","bin1",213
"upv_7","new1","p10","2014","bin1",696.564615384615
"upv_7","new1","p10","2014","bin2",1580.89461538462
"upv_7","new1","p10","2014","bin3",255.373769230769
"upv_7","new1","p10","2016","bin3",1225.76161538462
"upv_7","new1","p28","2012","bin1",557.6
"upv_7","new1","p28","2014","bin1",370.8
"upv_7","new1","p31","2010","bin1",30.6
"upv_7","new1","p31","2012","bin1",64.9
"upv_7","new1","p31","2014","bin1",74.7
"upv_7","new1","p31","2016","bin1",56.2
"upv_7","new1","p31","2018","bin1",71.1
"upv_7","new1","p59","2014","bin1",10.3
"upv_7","new3","p10","2020","bin4",1465.6
"upv_7","new3","p28","2020","bin1",320.5
"upv_7","new3","p31","2020","bin1",155
"upv_7","new5","p28","2022","bin1",550
"upv_7","new5","p59","2022","bin1",64.0824580480123
"upv_7","new7","p28","2024","bin1",1399.14076923077
"upv_7","new7","p28","2024","bin2",3126.61692307692
"upv_7","new7","p28","2024","bin3",1280.55615384615
"upv_7","new7","p28","2024","bin4",1900.48864543713
"upv_7","new7","p31","2024","bin1",1376.53787710743
"upv_7","new9","p59","2026","bin1",190.976119655596
"upv_7","new11","p59","2028","bin1",252.086263660588
"upv_7","new13","p11","2030","bin1",32.0123076923077
"upv_7","new13","p59","2030","bin1",109.402850943495
"upv_7","new15","p10","2032","bin4",175.923076923078
"upv_7","new15","p31","2032","bin1",645.223632926011
"upv_7","new19","p28","2036","bin4",153.067872048731
"upv_7","new21","p28","2038","bin4",155.434930578815
"upv_7","new23","p28","2040","bin4",87.5318321966328
"upv_7","new23","p31","2040","bin1",69.5918298286996
"upv_7","new25","p28","2042","bin4",502.808454916238
"upv_7","new27","p31","2044","bin1",137.938553568534
"upv_7","new29","p10","2046","bin5",388.777692307692
"upv_7","new29","p31","2046","bin1",290.072721953942
"upv_7","new29","p59","2046","bin2",572.738902046638
"upv_7","new31","p31","2048","bin2",282.446704132875
"upv_7","new31","p59","2048","bin2",122.309843882008
"upv_7","new33","p31","2050","bin2",336.090441631149
"upv_7","new33","p59","2050","bin2",241.71586945597
"dupv_2","new1","p18","2018","bin1",1.83753846153846
"dupv_3","new1","p7","2012","bin1",2.39261538461538
"dupv_3","new1","p7","2012","bin2",2.99076923076923
"dupv_3","new1","p7","2012","bin3",1.01661538461538
"dupv_3","new1","p7","2016","bin3",4.5
"dupv_3","new1","p18","2018","bin1",4.98461538461538
"dupv_3","new1","p18","2018","bin2",7.17784615384615
"dupv_3","new1","p20","2018","bin1",3
"dupv_3","new3","p1","2020","bin1",0.5
"dupv_3","new3","p5","2020","bin1",37.8772307692308
"dupv_3","new3","p7","2020","bin3",11.8
"dupv_3","new5","p5","2022","bin1",24.7
"dupv_4","new1","p5","2012","bin1",4.3
"dupv_4","new1","p5","2014","bin1",1.2
"dupv_4","new1","p5","2016","bin1",3.7
"dupv_4","new1","p5","2018","bin1",22
"dupv_4","new1","p6","2014","bin1",2
"dupv_4","new1","p6","2018","bin1",2.9
"dupv_4","new3","p5","2020","bin1",0.900923076923076
"dupv_4","new3","p5","2020","bin2",25.3218461538462
"dupv_5","new1","p8","2018","bin1",2.4
"dupv_5","new1","p13","2014","bin1",3.3
"dupv_5","new1","p13","2016","bin1",0.488307692307692
"dupv_5","new1","p13","2016","bin2",0.199384615384615
"dupv_5","new1","p13","2016","bin3",5.71230769230769
"dupv_5","new1","p13","2018","bin3",3.1
"dupv_5","new1","p25","2012","bin1",1.3
"dupv_5","new1","p25","2016","bin1",44.1
"dupv_5","new1","p25","2018","bin1",3.3
"dupv_5","new1","p33","2010","bin1",0.9
"dupv_5","new1","p33","2012","bin1",5.2
"dupv_5","new1","p33","2014","bin1",5.7
"dupv_5","new1","p33","2016","bin1",15.1
"dupv_5","new1","p33","2018","bin1",32.4
"dupv_5","new1","p34","2012","bin1",1
"dupv_5","new1","p34","2016","bin1",2
"dupv_5","new1","p34","2018","bin1",12.4
"dupv_5","new3","p33","2020","bin1",30.3
"dupv_5","new3","p34","2020","bin1",10
"dupv_5","new5","p25","2022","bin1",0.100000000000002
"dupv_5","new5","p33","2022","bin1",22.2547692307692
"dupv_5","new5","p33","2022","bin2",9.04523076923078
"dupv_5","new5","p34","2022","bin1",3.6
"dupv_6","new1","p9","2010","bin1",7.776
"dupv_6","new1","p9","2010","bin2",8.124
"dupv_6","new1","p9","2012","bin2",27.2
"dupv_6","new1","p9","2014","bin2",47.9
"dupv_6","new1","p9","2016","bin2",17.96
"dupv_6","new1","p9","2018","bin2",52
"dupv_6","new1","p10","2014","bin1",135.342076923077
"dupv_6","new1","p10","2016","bin1",121.147
"dupv_6","new1","p10","2018","bin1",55.7
"dupv_6","new1","p11","2012","bin1",3.3
"dupv_6","new1","p11","2014","bin1",4.5
"dupv_6","new1","p11","2016","bin1",8
"dupv_6","new1","p11","2018","bin1",10.2
"dupv_6","new1","p27","2012","bin1",1.5
"dupv_6","new1","p27","2016","bin1",4.4
"dupv_6","new1","p27","2018","bin1",4.4
"dupv_6","new1","p30","2010","bin1",2.1
"dupv_6","new1","p30","2012","bin1",10.9
"dupv_6","new1","p30","2014","bin1",4
"dupv_6","new1","p30","2016","bin1",2.66
"dupv_6","new1","p30","2018","bin1",1.3
"dupv_6","new1","p31","2018","bin1",6.40769230769231
"dupv_6","new3","p9","2020","bin2",31.4
"dupv_6","new3","p10","2020","bin1",26.9
"dupv_6","new3","p30","2020","bin1",2.4
"dupv_6","new3","p31","2020","bin1",16.8
"dupv_6","new5","p9","2022","bin2",14.8006153846154
"dupv_6","new5","p9","2022","bin3",4.79938461538462
"dupv_6","new5","p10","2022","bin1",15.1
"dupv_6","new5","p11","2022","bin1",2.71138461538462
"dupv_6","new5","p11","2022","bin2",3.38861538461538
"dupv_6","new31","p11","2048","bin2",47.6526301194738
"dupv_6","new33","p11","2050","bin2",24.9406925295706
"dupv_7","new1","p10","2012","bin1",23.9261538461538
"dupv_7","new1","p10","2012","bin2",11.3649230769231
"dupv_7","new1","p10","2012","bin3",25.5089230769231
"dupv_7","new1","p10","2014","bin3",28.3249230769231
"dupv_7","new1","p28","2010","bin1",3.5
"dupv_7","new1","p28","2012","bin1",15.7
"dupv_7","new1","p28","2014","bin1",1.4
"dupv_7","new1","p28","2016","bin1",1
"dupv_7","new1","p28","2018","bin1",3.32307692307692
"dupv_7","new1","p28","2018","bin2",6.17692307692308
"dupv_7","new1","p31","2012","bin1",11.1655384615385
"dupv_7","new1","p31","2012","bin2",5.93446153846154
"dupv_7","new1","p31","2014","bin2",4.43353846153846
"dupv_7","new1","p31","2014","bin3",8.06646153846154
"dupv_7","new1","p31","2016","bin3",3.8
"dupv_7","new1","p31","2018","bin3",1.49230769230769
"dupv_7","new1","p59","2018","bin1",5
"dupv_7","new3","p28","2020","bin2",1.8
"wind-ofs_5","new21","s20","2038","bin1",297.723
"wind-ofs_7","new19","s25","2036","bin1",186.443
"wind-ofs_7","new19","s25","2036","bin2",153.941
"wind-ofs_7","new19","s25","2036","bin3",117.565
"wind-ofs_7","new27","s32","2044","bin1",70.772
"wind-ofs_8","new11","s20","2028","bin1",600
"wind-ofs_8","new13","s20","2030","bin1",1400
"wind-ofs_8","new15","s20","2032","bin1",1200
"wind-ofs_8","new17","s20","2034","bin1",1800
"wind-ofs_8","new19","s20","2036","bin1",1703.25
"wind-ofs_8","new21","s20","2038","bin2",3209.761
"wind-ofs_8","new23","s20","2040","bin2",253.879999999998
"wind-ofs_8","new25","s20","2042","bin2",2530.429
"wind-ofs_8","new27","s20","2044","bin3",1646.89436490378
"wind-ofs_8","new29","s20","2046","bin3",1000
"wind-ofs_9","new23","s20","2040","bin1",1081.421
"wind-ofs_10","new19","s20","2036","bin1",407.628
"wind-ofs_10","new21","s20","2038","bin1",492.516
"wind-ofs_12","new19","s29","2036","bin1",190.36
"wind-ofs_12","new19","s29","2036","bin2",113.217
"wind-ofs_12","new19","s29","2036","bin3",127.596
"wind-ofs_12","new25","s20","2042","bin1",1469.571
"wind-ofs_12","new27","s20","2044","bin1",285.860000000002
"wind-ofs_13","new23","s29","2040","bin1",2664.699
"wind-ofs_13","new27","s20","2044","bin1",1996.47363509622
"wind-ons_1","new1","s16","2012","bin1",146.407
"wind-ons_1","new1","s30","2012","bin1",193.258
"wind-ons_1","new1","s30","2012","bin2",113.408
"wind-ons_1","new1","s30","2012","bin3",123.493
"wind-ons_1","new1","s30","2012","bin4",124.586
"wind-ons_1","new1","s33","2012","bin1",82.085
"wind-ons_1","new1","s33","2012","bin2",76.788
"wind-ons_1","new1","s33","2012","bin3",67.773
"wind-ons_1","new1","s64","2014","bin1",10
"wind-ons_1","new1","s74","2010","bin1",311
"wind-ons_1","new1","s74","2016","bin1",80
"wind-ons_1","new1","s92","2018","bin1",298
"wind-ons_1","new3","s74","2020","bin1",836.4
"wind-ons_1","new5","s66","2022","bin1",8.59299999999999
"wind-ons_1","new5","s71","2022","bin1",882.382
"wind-ons_1","new5","s74","2022","bin1",8746.153
"wind-ons_1","new5","s92","2022","bin1",1293.893
"wind-ons_1","new5","s92","2022","bin2",1247.051
"wind-ons_1","new5","s93","2022","bin1",927.045
"wind-ons_1","new5","s93","2022","bin2",651.069
"wind-ons_1","new7","s30","2024","bin5",110.225
"wind-ons_1","new7","s66","2024","bin1",590.062
"wind-ons_1","new7","s67","2024","bin1",194.643
"wind-ons_1","new7","s70","2024","bin1",614.272
"wind-ons_1","new7","s70","2024","bin2",818.861
"wind-ons_1","new7","s71","2024","bin2",631.192
"wind-ons_1","new7","s71","2024","bin3",627.28
"wind-ons_1","new7","s71","2024","bin4",682.635
"wind-ons_1","new7","s71","2024","bin5",681.858
"wind-ons_1","new7","s74","2024","bin2",182.294073472729
"wind-ons_1","new7","s92","2024","bin3",1280.197
"wind-ons_1","new7","s93","2024","bin3",621.011
"wind-ons_1","new7","s93","2024","bin4",522.659430348257
"wind-ons_1","new9","s65","2026","bin1",560.02
"wind-ons_1","new9","s66","2026","bin2",189.936434239929
"wind-ons_1","new9","s74","2026","bin2",2977.55804978127
"wind-ons_1","new9","s92","2026","bin4",184.004320147609
"wind-ons_1","new9","s93","2026","bin4",254.187569651743
"wind-ons_1","new11","s66","2028","bin2",24.5878015556084
"wind-ons_1","new11","s74","2028","bin2",2135.92439051843
"wind-ons_1","new11","s92","2028","bin4",756.623679852391
"wind-ons_1","new13","s64","2030","bin1",1400.0518451028
"wind-ons_1","new13","s66","2030","bin2",67.6910549784729
"wind-ons_1","new13","s74","2030","bin2",1075.47527416577
"wind-ons_1","new15","s66","2032","bin2",102.57470922599
"wind-ons_1","new15","s74","2032","bin2",81.8847089789037
"wind-ons_1","new17","s64","2034","bin1",291.215154897199
"wind-ons_1","new17","s74","2034","bin2",450.961416220114
"wind-ons_1","new19","s74","2036","bin2",1417.8889205558
"wind-ons_1","new21","s74","2038","bin2",245.514032195636
"wind-ons_1","new23","s74","2040","bin1",75.4359401200462
"wind-ons_1","new25","s74","2042","bin1",184.62049563505
"wind-ons_1","new27","s67","2044","bin2",23.2585042456124
"wind-ons_1","new27","s74","2044","bin1",155.443564244904
"wind-ons_1","new27","s74","2044","bin2",99.6069691586659
"wind-ons_1","new29","s33","2046","bin4",24.956
"wind-ons_1","new29","s74","2046","bin2",214.782396675989
"wind-ons_1","new31","s74","2048","bin2",184.598898963937
"wind-ons_1","new33","s74","2050","bin2",1052.80086931275
"wind-ons_2","new1","s31","2012","bin1",60.701
"wind-ons_2","new1","s64","2016","bin1",25
"wind-ons_2","new1","s66","2012","bin1",60
"wind-ons_2","new1","s66","2014","bin1",9.7
"wind-ons_2","new1","s66","2018","bin1",4.3
"wind-ons_2","new1","s67","2012","bin1",9.6
"wind-ons_2","new1","s67","2018","bin1",110.1
"wind-ons_2","new3","s16","2020","bin1",60.337
"wind-ons_2","new3","s66","2020","bin1",80
"wind-ons_2","new5","s66","2022","bin1",71.407
"wind-ons_2","new5","s67","2022","bin1",117.031
"wind-ons_2","new5","s73","2022","bin1",58.7518429756005
"wind-ons_2","new5","s93","2022","bin1",962.369211248864
"wind-ons_2","new7","s67","2024","bin2",54.5119999999999
"wind-ons_2","new7","s70","2024","bin1",319.934
"wind-ons_2","new7","s71","2024","bin1",556.154
"wind-ons_2","new7","s71","2024","bin2",512.851
"wind-ons_2","new7","s71","2024","bin3",638.604
"wind-ons_2","new7","s71","2024","bin4",363.965
"wind-ons_2","new7","s71","2024","bin5",612.044
"wind-ons_2","new7","s73","2024","bin1",232.014206975669
"wind-ons_2","new7","s87","2024","bin1",266.425
"wind-ons_2","new7","s93","2024","bin1",215.476788751136
"wind-ons_2","new7","s93","2024","bin2",888.991
"wind-ons_2","new9","s73","2026","bin1",249.762950048731
"wind-ons_2","new15","s65","2032","bin1",179.431
"wind-ons_2","new17","s64","2034","bin1",580.021
"wind-ons_2","new17","s65","2034","bin2",249.075
"wind-ons_2","new17","s66","2034","bin2",97.686
"wind-ons_2","new19","s87","2036","bin2",584.099
"wind-ons_3","new1","s30","2012","bin1",182.736
"wind-ons_3","new1","s30","2012","bin2",37.798
"wind-ons_3","new1","s30","2014","bin2",1.79999999999995
"wind-ons_3","new1","s30","2016","bin2",2.5
"wind-ons_3","new1","s30","2018","bin2",2.79999999999995
"wind-ons_3","new1","s31","2012","bin1",31.59
"wind-ons_3","new1","s84","2012","bin1",14.5
"wind-ons_3","new1","s87","2012","bin1",14.5
"wind-ons_3","new1","s87","2014","bin1",8
"wind-ons_3","new1","s87","2016","bin1",60.8
"wind-ons_3","new1","s87","2018","bin1",75
"wind-ons_3","new3","s87","2020","bin1",59.4
"wind-ons_3","new5","s65","2022","bin1",718.794
"wind-ons_3","new5","s65","2022","bin2",296.679
"wind-ons_3","new5","s67","2022","bin1",42.969
"wind-ons_3","new5","s87","2022","bin1",21.2062327272714
"wind-ons_3","new7","s30","2024","bin2",1.66100000000009
"wind-ons_3","new7","s66","2024","bin1",88.1870290909093
"wind-ons_3","new7","s67","2024","bin1",182.899
"wind-ons_3","new7","s71","2024","bin1",696.997
"wind-ons_3","new7","s87","2024","bin1",982.322767272729
"wind-ons_3","new7","s87","2024","bin2",1261.949
"wind-ons_3","new7","s93","2024","bin1",1274.875
"wind-ons_3","new9","s70","2026","bin1",21.0640329919728
"wind-ons_3","new9","s87","2026","bin3",227.680137035714
"wind-ons_3","new11","s73","2028","bin1",53.3290331548552
"wind-ons_3","new11","s87","2028","bin3",663.212301865292
"wind-ons_3","new13","s70","2030","bin1",13.6359623189612
"wind-ons_3","new13","s73","2030","bin1",186.91152541707
"wind-ons_3","new13","s87","2030","bin3",511.746874195763
"wind-ons_3","new13","s93","2030","bin2",622.185171697192
"wind-ons_3","new15","s66","2032","bin1",131.508970909091
"wind-ons_3","new17","s71","2034","bin2",62.6437534123493
"wind-ons_3","new17","s87","2034","bin1",137.397490745558
"wind-ons_3","new19","s71","2036","bin2",0.0244265270859191
"wind-ons_3","new19","s87","2036","bin1",24.6025092544417
"wind-ons_3","new19","s87","2036","bin3",66.417686903231
"wind-ons_3","new23","s65","2040","bin3",286.48635813322
"wind-ons_3","new29","s93","2046","bin2",4.3005288983594
"wind-ons_3","new31","s65","2048","bin3",215.72164186678
"wind-ons_3","new31","s71","2048","bin2",36.8020399531318
"wind-ons_3","new31","s93","2048","bin2",397.808299404449
"wind-ons_3","new33","s71","2050","bin2",244.301780107433
"wind-ons_3","new33","s71","2050","bin3",669.952
"wind-ons_3","new33","s93","2050","bin3",666.913
"wind-ons_4","new1","s16","2012","bin1",161.401
"wind-ons_4","new1","s16","2012","bin2",70.979
"wind-ons_4","new1","s16","2012","bin3",46.008
"wind-ons_4","new1","s16","2016","bin3",10
"wind-ons_4","new1","s32","2018","bin1",76.569
"wind-ons_4","new1","s33","2012","bin1",64.002
"wind-ons_4","new1","s33","2018","bin1",1.89999999999992
"wind-ons_4","new1","s85","2014","bin1",87.7
"wind-ons_4","new1","s86","2014","bin1",200.6
"wind-ons_4","new1","s86","2016","bin1",128.665
"wind-ons_4","new1","s86","2016","bin2",21.3349999999999
"wind-ons_4","new1","s86","2018","bin2",335.681
"wind-ons_4","new1","s86","2018","bin3",264.319
"wind-ons_4","new3","s16","2020","bin3",66.926
"wind-ons_4","new3","s16","2020","bin4",76.083
"wind-ons_4","new3","s85","2020","bin1",51.208
"wind-ons_4","new3","s86","2020","bin3",31.4360000000001
"wind-ons_4","new3","s95","2020","bin1",103.5
"wind-ons_4","new5","s33","2022","bin1",65.6260000000001
"wind-ons_4","new5","s65","2022","bin1",618.046
"wind-ons_4","new7","s33","2024","bin1",111.555
"wind-ons_4","new7","s87","2024","bin1",1646.1
"wind-ons_4","new9","s85","2026","bin2",78.0353792621605
"wind-ons_4","new9","s87","2026","bin2",1613.64
"wind-ons_4","new11","s85","2028","bin2",269.45462073784
"wind-ons_4","new15","s65","2032","bin2",113.395262896682
"wind-ons_4","new15","s73","2032","bin1",31.336049193744
"wind-ons_4","new15","s85","2032","bin3",369.093
"wind-ons_4","new15","s93","2032","bin1",303.955708739641
"wind-ons_4","new17","s65","2034","bin2",341.452737103318
"wind-ons_4","new17","s66","2034","bin1",115.44385831185
"wind-ons_4","new17","s73","2034","bin1",15.8285117827473
"wind-ons_4","new17","s93","2034","bin1",234.861081221945
"wind-ons_4","new19","s64","2036","bin1",851.564564391518
"wind-ons_4","new21","s73","2038","bin1",48.7758942766633
"wind-ons_4","new21","s93","2038","bin1",277.618242841911
"wind-ons_4","new21","s95","2038","bin1",66.964
"wind-ons_4","new23","s73","2040","bin1",479.888756795595
"wind-ons_4","new23","s87","2040","bin1",17.896639176388
"wind-ons_4","new23","s93","2040","bin1",165.311294610032
"wind-ons_4","new25","s33","2042","bin2",74.941
"wind-ons_4","new25","s66","2042","bin1",45.0934230155606
"wind-ons_4","new25","s67","2042","bin1",239.641775019331
"wind-ons_4","new25","s73","2042","bin1",0.00137087547735143
"wind-ons_4","new25","s85","2042","bin1",45.7157321051948
"wind-ons_4","new25","s87","2042","bin1",57.103360823612
"wind-ons_4","new25","s93","2042","bin1",439.719765806732
"wind-ons_4","new27","s14","2044","bin1",103.469
"wind-ons_4","new29","s73","2046","bin1",0.975876954479639
"wind-ons_4","new31","s73","2048","bin1",9.80525354099791
"wind-ons_4","new31","s85","2048","bin1",36.548625064576
"wind-ons_4","new31","s93","2048","bin1",303.226906779739
"wind-ons_4","new33","s64","2050","bin1",47.7054356084823
"wind-ons_4","new33","s71","2050","bin1",24.0757508110473
"wind-ons_4","new33","s73","2050","bin1",22.8128532953886
"wind-ons_4","new33","s85","2050","bin1",118.735642830229
"wind-ons_5","new1","s9","2014","bin1",55.72
"wind-ons_5","new1","s31","2012","bin1",131.026
"wind-ons_5","new1","s32","2018","bin1",47.92
"wind-ons_5","new3","s85","2020","bin1",99.892
"wind-ons_5","new3","s86","2020","bin1",755.564
"wind-ons_5","new5","s4","2022","bin1",79.7657227272727
"wind-ons_5","new5","s85","2022","bin1",145
"wind-ons_5","new5","s86","2022","bin1",104
"wind-ons_5","new7","s4","2024","bin1",91.5732772727273
"wind-ons_5","new9","s65","2026","bin1",1105.56596038525
"wind-ons_5","new9","s85","2026","bin1",357.113
"wind-ons_5","new9","s85","2026","bin2",156.986
"wind-ons_5","new11","s65","2028","bin1",489.103407309665
"wind-ons_5","new11","s68","2028","bin1",0.763702969515277
"wind-ons_5","new11","s85","2028","bin3",155.66546473478
"wind-ons_5","new13","s53","2030","bin1",25.6277874379678
"wind-ons_5","new13","s85","2030","bin3",177.285461010384
"wind-ons_5","new15","s65","2032","bin1",823.496632305084
"wind-ons_5","new15","s85","2032","bin3",318.848074254836
"wind-ons_5","new17","s65","2034","bin2",247.22339135734
"wind-ons_5","new19","s53","2036","bin1",29.9952125620322
"wind-ons_5","new19","s87","2036","bin1",960.96718251015
"wind-ons_5","new19","s93","2036","bin1",491.479005203843
"wind-ons_5","new21","s65","2038","bin2",1827.34093731768
"wind-ons_5","new21","s95","2038","bin1",57.5942100540211
"wind-ons_5","new23","s65","2040","bin2",64.476671324983
"wind-ons_5","new23","s66","2040","bin1",7.78666077710955
"wind-ons_5","new23","s95","2040","bin1",120.854479717545
"wind-ons_5","new25","s85","2042","bin1",60
"wind-ons_5","new25","s85","2042","bin2",221
"wind-ons_5","new25","s87","2042","bin1",69.9599383123863
"wind-ons_5","new25","s93","2042","bin1",1602.84099479616
"wind-ons_5","new25","s95","2042","bin1",0.00707444538416508
"wind-ons_5","new29","s95","2046","bin1",133.316093963592
"wind-ons_5","new31","s95","2048","bin1",42.6922496389784
"wind-ons_5","new33","s95","2050","bin1",305.351283519367
"wind-ons_6","new1","s4","2010","bin1",190.7
"wind-ons_6","new1","s4","2012","bin1",4.30000000000001
"wind-ons_6","new1","s5","2010","bin1",50
"wind-ons_6","new1","s5","2012","bin1",156.078
"wind-ons_6","new1","s5","2012","bin2",42.722
"wind-ons_6","new1","s9","2012","bin1",209.108
"wind-ons_6","new1","s9","2012","bin2",133.592
"wind-ons_6","new1","s9","2014","bin2",18.866
"wind-ons_6","new1","s9","2014","bin4",134.445
"wind-ons_6","new1","s16","2010","bin1",334.8
"wind-ons_6","new1","s16","2012","bin1",1.05900000000003
"wind-ons_6","new1","s16","2012","bin2",158.108
"wind-ons_6","new1","s16","2012","bin3",272.209
"wind-ons_6","new1","s16","2012","bin4",188.029
"wind-ons_6","new1","s20","2010","bin1",47.75
"wind-ons_6","new1","s28","2012","bin1",1.6
"wind-ons_6","new1","s31","2012","bin1",61.625
"wind-ons_6","new1","s31","2012","bin2",18.517
"wind-ons_6","new1","s33","2012","bin1",67.141
"wind-ons_6","new1","s33","2012","bin2",0.945999999999998
"wind-ons_6","new1","s33","2012","bin3",20.027
"wind-ons_6","new1","s44","2010","bin1",60.3
"wind-ons_6","new1","s44","2012","bin1",233.3
"wind-ons_6","new1","s46","2010","bin1",21
"wind-ons_6","new1","s46","2012","bin1",211.5
"wind-ons_6","new1","s47","2010","bin1",124.5
"wind-ons_6","new1","s47","2012","bin1",105.67
"wind-ons_6","new1","s47","2012","bin2",10.13
"wind-ons_6","new1","s48","2010","bin1",1.5
"wind-ons_6","new1","s48","2012","bin1",102
"wind-ons_6","new1","s48","2016","bin1",1.7
"wind-ons_6","new1","s53","2012","bin1",10
"wind-ons_6","new1","s54","2010","bin1",65.1
"wind-ons_6","new1","s54","2012","bin1",99.2
"wind-ons_6","new1","s59","2016","bin1",30
"wind-ons_6","new1","s64","2012","bin1",184.6
"wind-ons_6","new1","s83","2016","bin1",250
"wind-ons_6","new1","s85","2012","bin1",319.3
"wind-ons_6","new1","s86","2010","bin1",51
"wind-ons_6","new1","s86","2012","bin1",652
"wind-ons_6","new1","s88","2010","bin1",102.4
"wind-ons_6","new1","s90","2012","bin1",50.4
"wind-ons_6","new3","s53","2020","bin1",332.873
"wind-ons_6","new3","s53","2020","bin2",17.127
"wind-ons_6","new5","s50","2022","bin1",0.819180274449671
"wind-ons_6","new5","s90","2022","bin1",100
"wind-ons_6","new9","s53","2026","bin2",338.188
"wind-ons_6","new9","s53","2026","bin3",108.485010283608
"wind-ons_6","new11","s53","2028","bin3",73.5219897163918
"wind-ons_6","new13","s4","2030","bin1",9.28999999999999
"wind-ons_6","new13","s4","2030","bin2",184.743
"wind-ons_6","new13","s4","2030","bin3",226.403
"wind-ons_6","new13","s4","2030","bin4",270.556
"wind-ons_6","new15","s85","2032","bin1",22.6931358946778
"wind-ons_6","new17","s85","2034","bin1",661.015302242829
"wind-ons_6","new19","s85","2036","bin1",3536.46556186249
"wind-ons_6","new21","s4","2038","bin2",52.474
"wind-ons_6","new21","s5","2038","bin1",204
"wind-ons_6","new21","s9","2038","bin1",29.008
"wind-ons_6","new21","s9","2038","bin3",126.992
"wind-ons_6","new21","s16","2038","bin1",221
"wind-ons_6","new21","s16","2038","bin2",125.4
"wind-ons_6","new21","s25","2038","bin1",136.785
"wind-ons_6","new21","s33","2038","bin1",0.625818928900646
"wind-ons_6","new23","s9","2040","bin4",7.19999999999999
"wind-ons_6","new23","s33","2040","bin1",17.0161810710993
"wind-ons_6","new23","s33","2040","bin2",42.6
"wind-ons_6","new25","s33","2042","bin3",38.439
"wind-ons_6","new29","s69","2046","bin1",6.17359975986119
"wind-ons_6","new31","s65","2048","bin1",670.134799087067
"wind-ons_6","new31","s69","2048","bin1",173.219681181857
"wind-ons_6","new33","s65","2050","bin1",1563.77431046375
"wind-ons_6","new33","s69","2050","bin1",340.302192519984
"wind-ons_7","new1","s1","2010","bin1",6
"wind-ons_7","new1","s8","2012","bin1",105.3
"wind-ons_7","new1","s9","2014","bin1",57.769
"wind-ons_7","new1","s19","2018","bin1",50
"wind-ons_7","new1","s20","2010","bin1",53.45
"wind-ons_7","new1","s25","2010","bin1",36.8
"wind-ons_7","new1","s25","2012","bin1",76.879
"wind-ons_7","new1","s25","2012","bin2",124.639
"wind-ons_7","new1","s25","2012","bin5",69.158
"wind-ons_7","new1","s29","2014","bin1",2
"wind-ons_7","new1","s29","2018","bin1",5.5
"wind-ons_7","new1","s31","2012","bin1",269.025
"wind-ons_7","new1","s31","2012","bin2",85.512
"wind-ons_7","new1","s31","2012","bin3",117.782
"wind-ons_7","new1","s31","2012","bin4",130.248
"wind-ons_7","new1","s31","2012","bin5",119.507
"wind-ons_7","new1","s32","2018","bin1",8.869
"wind-ons_7","new1","s32","2018","bin2",7.654
"wind-ons_7","new1","s36","2012","bin1",150
"wind-ons_7","new1","s52","2016","bin1",62.1
"wind-ons_7","new3","s8","2020","bin1",64.526
"wind-ons_7","new3","s16","2020","bin1",336.654
"wind-ons_7","new3","s29","2020","bin1",1.8
"wind-ons_7","new5","s16","2022","bin1",201.3
"wind-ons_7","new5","s25","2022","bin3",117.018
"wind-ons_7","new5","s29","2022","bin1",104.4
"wind-ons_7","new5","s80","2022","bin1",76.472
"wind-ons_7","new5","s81","2022","bin1",31.385
"wind-ons_7","new5","s82","2022","bin1",73.143
"wind-ons_7","new7","s5","2024","bin1",60
"wind-ons_7","new13","s4","2030","bin1",144.998
"wind-ons_7","new13","s36","2030","bin1",394.713517354191
"wind-ons_7","new15","s16","2032","bin1",58.8306973547404
"wind-ons_7","new17","s5","2034","bin1",280.228
"wind-ons_7","new17","s5","2034","bin2",673.306
"wind-ons_7","new17","s9","2034","bin1",22.132
"wind-ons_7","new17","s9","2034","bin2",192.602
"wind-ons_7","new17","s9","2034","bin3",90.865
"wind-ons_7","new17","s9","2034","bin4",109.909
"wind-ons_7","new17","s25","2034","bin5",78.465
"wind-ons_7","new19","s4","2036","bin2",132.797677224344
"wind-ons_7","new19","s9","2036","bin3",149.4
"wind-ons_7","new21","s16","2038","bin1",435.052302645259
"wind-ons_7","new21","s25","2038","bin2",13.215
"wind-ons_7","new21","s29","2038","bin1",33.801
"wind-ons_7","new23","s5","2040","bin1",246.35
"wind-ons_7","new23","s9","2040","bin1",78
"wind-ons_7","new23","s25","2040","bin1",38.22
"wind-ons_7","new23","s25","2040","bin4",111.78
"wind-ons_7","new25","s30","2042","bin1",100.602
"wind-ons_7","new27","s33","2044","bin1",430.353
"wind-ons_7","new29","s31","2046","bin5",0.120999999999995
"wind-ons_7","new29","s33","2046","bin2",228.76
"wind-ons_7","new29","s33","2046","bin3",519.972
"wind-ons_7","new29","s33","2046","bin4",116.178
"wind-ons_7","new33","s4","2050","bin2",104.082765783819
"wind-ons_7","new33","s5","2050","bin3",360.407
"wind-ons_7","new33","s36","2050","bin1",286.953482645809
"wind-ons_7","new33","s36","2050","bin2",73.085847894274
"wind-ons_8","new1","s22","2012","bin1",1
"wind-ons_8","new1","s25","2012","bin1",138.039
"wind-ons_8","new1","s31","2012","bin1",63.617
"wind-ons_8","new1","s31","2012","bin2",122.376
"wind-ons_8","new1","s31","2012","bin3",49.7329999999999
"wind-ons_8","new1","s31","2014","bin3",222.249
"wind-ons_8","new1","s42","2012","bin1",3
"wind-ons_8","new3","s3","2020","bin1",84.545
"wind-ons_8","new3","s3","2020","bin2",52.255
"wind-ons_8","new3","s8","2020","bin1",79.474
"wind-ons_8","new5","s7","2022","bin1",126
"wind-ons_8","new5","s28","2022","bin1",39.637
"wind-ons_8","new19","s3","2036","bin2",83.8171588393285
"wind-ons_8","new21","s3","2038","bin2",60.9758411606715
"wind-ons_8","new21","s9","2038","bin1",852.954
"wind-ons_8","new21","s25","2038","bin1",39.181
"wind-ons_8","new23","s25","2040","bin2",189.564
"wind-ons_8","new25","s5","2042","bin1",318.588735206595
"wind-ons_8","new25","s22","2042","bin1",173.984
"wind-ons_8","new25","s25","2042","bin3",63.296
"wind-ons_8","new25","s31","2042","bin2",1.846
"wind-ons_8","new29","s9","2046","bin2",395.628
"wind-ons_8","new29","s9","2046","bin3",36.8268370079407
"wind-ons_8","new29","s22","2046","bin2",99.581
"wind-ons_8","new29","s22","2046","bin3",204.655
"wind-ons_8","new29","s22","2046","bin4",146.626
"wind-ons_8","new29","s33","2046","bin1",896.646
"wind-ons_8","new29","s33","2046","bin2",737.303
"wind-ons_8","new31","s5","2048","bin1",490.407264793405
"wind-ons_8","new31","s9","2048","bin3",476.680162992059
"wind-ons_8","new31","s9","2048","bin4",662.937
"wind-ons_8","new31","s33","2048","bin3",248.202614995088
"wind-ons_8","new33","s1","2050","bin1",361.791
"wind-ons_8","new33","s5","2050","bin2",483.320717342763
"wind-ons_8","new33","s33","2050","bin3",495.474385004912
"wind-ons_8","new33","s33","2050","bin4",715.295
"wind-ons_9","new1","s26","2010","bin1",1
"wind-ons_9","new1","s26","2012","bin1",84.185
"wind-ons_9","new1","s26","2016","bin1",4.009
"wind-ons_9","new1","s26","2018","bin1",46
"wind-ons_9","new1","s31","2014","bin1",5.74999999999994
"wind-ons_9","new1","s31","2016","bin1",197.999
"wind-ons_9","new1","s31","2018","bin1",127.97
"wind-ons_9","new1","s31","2018","bin2",67.4300000000001
"wind-ons_9","new1","s32","2018","bin1",1.98699999999999
"wind-ons_9","new3","s31","2020","bin2",42.0529999999999
"wind-ons_9","new3","s31","2020","bin3",89.047
"wind-ons_9","new5","s26","2022","bin1",20.771
"wind-ons_9","new5","s31","2022","bin3",46.343
"wind-ons_9","new7","s26","2024","bin1",2.85999999999996
"wind-ons_9","new19","s26","2036","bin2",97.662
"wind-ons_9","new19","s27","2036","bin1",196.514
"wind-ons_9","new19","s27","2036","bin2",270.824
"wind-ons_9","new23","s26","2040","bin3",40.241
"wind-ons_9","new23","s27","2040","bin3",120.674
"wind-ons_9","new25","s25","2042","bin1",63.6020707324847
"wind-ons_9","new25","s31","2042","bin2",133.396
"wind-ons_9","new29","s22","2046","bin1",74.4002145100386
"wind-ons_9","new29","s29","2046","bin1",147.963
"wind-ons_9","new29","s31","2046","bin3",64.72
"wind-ons_9","new31","s22","2048","bin1",341.226785489961
"wind-ons_9","new31","s25","2048","bin1",197.938929267515
"wind-ons_9","new31","s25","2048","bin2",215.332175209474
"wind-ons_9","new31","s29","2048","bin2",132.168
"wind-ons_9","new33","s22","2050","bin2",159.214
"wind-ons_9","new33","s22","2050","bin3",534.487
"wind-ons_9","new33","s25","2050","bin2",7.32882479052631
"wind-ons_9","new33","s29","2050","bin3",54.602
"hydUD","new1","p1","2014","bin1",30.4
"hydUD","new1","p2","2014","bin1",3.6
"hydUD","new1","p4","2012","bin1",366
"hydUD","new1","p4","2014","bin1",244
"hydUD","new1","p4","2016","bin1",244
"hydUD","new1","p4","2018","bin1",244
"hydUD","new1","p5","2014","bin2",7.5
"hydUD","new1","p17","2014","bin1",2
"hydUD","new1","p18","2014","bin1",64
"hydUD","new2","p4","2020","bin1",122
"hydUD","new2","p18","2020","bin1",3.40000000000001
"hydUD","new3","p1","2026","bin1",99.6
"hydUD","new3","p1","2026","bin2",45
"hydUD","new3","p1","2026","bin3",39
"hydUD","new3","p1","2026","bin4",10
"hydUD","new3","p1","2028","bin5",8
"hydUD","new3","p1","2030","bin5",1.68
"hydUD","new3","p2","2026","bin1",142.4
"hydUD","new3","p2","2026","bin4",7
"hydUD","new3","p3","2028","bin2",8
"hydUD","new3","p3","2028","bin3",7
"hydUD","new3","p5","2026","bin2",31.5
"hydUD","new3","p5","2026","bin3",25
"hydUD","new3","p5","2026","bin4",22
"hydUD","new3","p5","2028","bin5",2
"hydUD","new3","p5","2030","bin5",2.37
"hydUD","new3","p7","2026","bin1",19
"hydUD","new3","p9","2026","bin1",249
"hydUD","new3","p9","2026","bin2",63.6
"hydUD","new3","p9","2026","bin3",91
"hydUD","new3","p9","2028","bin2",26.6
"hydUD","new3","p9","2028","bin4",107
"hydUD","new3","p9","2028","bin5",93
"hydUD","new3","p9","2030","bin2",26.6
"hydUD","new3","p9","2030","bin3",16.5
"hydUD","new3","p9","2030","bin5",11
"hydUD","new3","p15","2026","bin1",59
"hydUD","new3","p15","2026","bin3",16
"hydUD","new3","p15","2026","bin4",9
"hydUD","new3","p15","2028","bin5",3
"hydUD","new3","p17","2026","bin1",51
"hydUD","new3","p28","2028","bin2",3
"hydUD","new4","p1","2032","bin5",1.68
"hydUD","new4","p1","2034","bin4",11.18
"hydUD","new4","p1","2034","bin5",1.68
"hydUD","new4","p3","2034","bin4",1
"hydUD","new4","p5","2032","bin5",2.37
"hydUD","new4","p5","2034","bin5",2.37
"hydUD","new4","p6","2034","bin1",3
"hydUD","new4","p6","2034","bin2",3
"hydUD","new4","p9","2032","bin2",76.81
"hydUD","new4","p9","2032","bin3",16.5
"hydUD","new4","p9","2032","bin5",11.59
"hydUD","new4","p9","2034","bin2",76.81
"hydUD","new4","p9","2034","bin3",16.5
"hydUD","new4","p9","2034","bin5",11.59
"hydUD","new4","p14","2034","bin2",1
"hydUD","new4","p15","2032","bin5",1.24
"hydUD","new4","p15","2034","bin5",1.24
"hydUD","new4","p16","2034","bin1",9
"hydUD","new4","p16","2034","bin3",5
"hydUD","new5","p1","2036","bin4",11.18
"hydUD","new5","p1","2036","bin5",1.68
"hydUD","new5","p1","2038","bin4",11.18
"hydUD","new5","p1","2038","bin5",1.68
"hydUD","new5","p1","2040","bin4",11.18
"hydUD","new5","p1","2040","bin5",1.68
"hydUD","new5","p5","2036","bin5",2.37
"hydUD","new5","p5","2038","bin5",2.37
"hydUD","new5","p5","2040","bin5",2.37
"hydUD","new5","p9","2036","bin2",76.81
"hydUD","new5","p9","2036","bin3",16.5
"hydUD","new5","p9","2036","bin5",11.59
"hydUD","new5","p9","2038","bin2",76.81
"hydUD","new5","p9","2038","bin3",16.5
"hydUD","new5","p9","2038","bin5",12.31
"hydUD","new5","p9","2040","bin2",76.81
"hydUD","new5","p9","2040","bin3",16.5
"hydUD","new5","p9","2040","bin5",12.31
"hydUD","new5","p15","2036","bin5",1.24
"hydUD","new5","p15","2038","bin5",1.24
"hydUD","new5","p15","2040","bin5",1.24
"hydUD","new6","p1","2042","bin4",11.18
"hydUD","new6","p1","2042","bin5",1.68
"hydUD","new6","p5","2042","bin5",2.37
"hydUD","new6","p9","2042","bin2",76.8100000000001
"hydUD","new6","p9","2042","bin3",16.5
"hydUD","new6","p9","2042","bin5",12.31
"hydUD","new6","p9","2044","bin2",76.8099999999999
"hydUD","new6","p9","2044","bin3",16.5
"hydUD","new6","p15","2042","bin5",1.24
"hydUD","new7","p9","2046","bin2",76.8099999999999
"hydUD","new7","p9","2046","bin3",16.5
"hydUD","new7","p9","2048","bin2",76.8099999999999
"hydUD","new7","p9","2048","bin3",16.5
"hydUD","new7","p9","2050","bin2",76.8099999999999
"hydUD","new7","p9","2050","bin3",16.5
"hydUND","new1","p1","2012","bin1",7.9
"hydUND","new1","p1","2014","bin1",18.7
"hydUND","new1","p1","2018","bin1",12
"hydUND","new1","p5","2010","bin1",3.3
"hydUND","new1","p5","2016","bin1",4
"hydUND","new1","p5","2018","bin1",1.1
"hydUND","new1","p6","2012","bin1",1.1
"hydUND","new1","p9","2012","bin1",6.5
"hydUND","new1","p9","2014","bin1",1.5
"hydUND","new1","p9","2018","bin1",7.3
"hydUND","new1","p15","2010","bin2",16
"hydUND","new1","p15","2014","bin2",1.1
"hydUND","new1","p15","2016","bin2",2.5
"hydUND","new1","p16","2014","bin1",3.6
"hydUND","new1","p18","2012","bin1",13
"hydUND","new1","p21","2010","bin2",0.9
"hydUND","new1","p31","2012","bin1",3
"hydUND","new1","p33","2012","bin1",0.5
"hydUND","new1","p33","2014","bin1",4.5
"hydUND","new1","p33","2014","bin3",0.5
"hydUND","new1","p34","2014","bin1",15.1
"hydUND","new1","p34","2016","bin1",7.3
"hydUND","new1","p34","2018","bin1",2.4
"hydUND","new2","p5","2022","bin1",18
"hydUND","new2","p9","2020","bin1",2.7
"hydUND","new2","p9","2022","bin1",1.4
"hydUND","new2","p10","2022","bin2",1
"hydUND","new2","p11","2022","bin1",1.4
"hydUND","new2","p15","2020","bin2",0.399999999999999
"hydUND","new2","p15","2020","bin3",2
"hydUND","new2","p15","2020","bin4",0.800000000000001
"hydUND","new2","p15","2022","bin4",2.3
"hydUND","new2","p17","2024","bin2",4.8
"hydUND","new2","p34","2020","bin1",5.1
"hydUND","new2","p34","2020","bin2",1
"hydUND","new2","p34","2020","bin4",1
"hydUND","new3","p1","2026","bin1",24.4
"hydUND","new3","p2","2028","bin2",48
"hydUND","new3","p4","2026","bin1",120
"hydUND","new3","p4","2026","bin2",96
"hydUND","new3","p5","2026","bin1",60.6
"hydUND","new3","p5","2026","bin2",79
"hydUND","new3","p5","2028","bin3",24.4
"hydUND","new3","p5","2030","bin3",6.4
"hydUND","new3","p9","2028","bin1",62.53
"hydUND","new3","p9","2030","bin1",62.53
"hydUND","new3","p9","2030","bin2",74.55
"hydUND","new3","p9","2030","bin3",107
"hydUND","new3","p17","2026","bin2",16.2
"hydUND","new3","p17","2026","bin3",9
"hydUND","new3","p18","2028","bin1",25
"hydUND","new3","p18","2028","bin2",9
"hydUND","new3","p18","2028","bin3",6
"hydUND","new3","p28","2026","bin1",394
"hydUND","new4","p5","2032","bin3",6.4
"hydUND","new4","p5","2034","bin3",6.4
"hydUND","new5","p5","2036","bin3",6.4
"hydUND","new6","p9","2042","bin1",62.53
"geohydro_pbinary_1","new1","p7","2012","bin1",17.7
"geohydro_pbinary_1","new1","p7","2016","bin1",1.8
"geohydro_pbinary_1","new1","p31","2014","bin1",1.6
"geohydro_pbinary_1","new1","p31","2018","bin1",7
"geohydro_pflash_1","new1","p10","2020","bin1",74.05
"geohydro_pflash_1","new1","p12","2010","bin1",102.91
"geohydro_pflash_1","new1","p25","2014","bin1",39
"geohydro_pflash_1","new3","p9","2028","bin1",29.2
"geohydro_pflash_2","new1","p10","2012","bin1",49.9
"geohydro_pflash_2","new1","p10","2018","bin1",12.5
"geohydro_pflash_2","new1","p10","2020","bin1",226.83
"geohydro_pflash_2","new1","p12","2014","bin1",24.89
"geohydro_pflash_2","new1","p12","2016","bin1",48.2
"geohydro_pflash_2","new1","p12","2018","bin1",20.21
"geohydro_pflash_3","new1","p10","2020","bin1",358.52
"geohydro_pflash_3","new1","p12","2018","bin1",20.59
"geohydro_pflash_3","new1","p12","2020","bin1",36.54
"geohydro_pflash_4","new1","p10","2020","bin1",42.3
"geohydro_pflash_4","new1","p12","2020","bin1",4.56000000000004
"geohydro_pflash_4","new2","p12","2022","bin1",25
"geohydro_pflash_6","new1","p10","2020","bin1",302.277646993189
"undisc_pflash_1","new3","p8","2028","bin1",17.392739
"undisc_pflash_1","new3","p9","2028","bin1",137.653887
"undisc_pflash_1","new4","p8","2030","bin1",4.969354
"undisc_pflash_1","new4","p9","2030","bin1",39.329682
